PLANT ID,BOTANICAL NAME,COMMON NAME,PLANT TYPE,FOLIAGE COLOR(SPRING),FOLIAGE COLOR(FALL),FLOWERS,LEAF TYPE,HARDINESS ZONE,SOIL TYPE,LIGHT REQUIREMENTS,IMAGE
1,PINUS NIGRA,AUSTRIAN PINE,CONIFEROUS TREE,DARK GREEN,DARK GREEN,CONES,ROUND NEEDLES,4B,7,FULL SUN,https://www.google.com/search?q=pinus+nigra+in+landscape&safe=active&source=lnms&tbm=isch&sa=X&ved=0ahUKEwjx75HmgoXVAhWh7YMKHVBRCHkQ_AUICigB&biw=1536&bih=760#imgrc=Hkq6kdtEdZILDM:
2,PINUS LEUCODERMIS,BOSNIAN PINE,CONIFEROUS TREE,DARK GREEN,DARK GREEN,CONES,ROUND NEEDLES,5A,7,PART SHADE,http://www.monrovia.com/plant-catalog/plants/1983/bosnian-pine/
3,PINUS RESINOSA,RED PINE,CONIFEROUS TREE,GREEN,GREEN,CONES,ROUND NEEDLES,4A,18,PART SHADE,http://plants.gertens.com/Content/Images/Photos/F154-06.jpg
4,PINUS DENSIFLORA,JAPANESE RED PINE,CONIFEROUS TREE,YELLOW GREEN,YELLOW GREEN,CONES,FINE NEEDLES,3B,18,FULL SUN,http://www.missouribotanicalgarden.org/PlantFinder/FullImageDisplay.aspx?documentid=14492
5,PICEA ABIES,NORWAY SPRUCE,CONIFEROUS TREE,DARK GREEN,DARK GREEN,CONES,ROUND NEEDLES,3B,19,PART SHADE,http://www.missouribotanicalgarden.org/PlantFinder/FullImageDisplay.aspx?documentid=9289
6,PICEA OMORIKA ,SERBIAN SPRUCE,CONIFEROUS TREE,DARK GREEN,DARK GREEN,CONES,SQUARE NEEDLES,4B,19,PART SHADE,http://www.missouribotanicalgarden.org/PlantFinder/FullImageDisplay.aspx?documentid=2591
7,PSEUDOTSUGA MENZIESII,DOUGLAS FIR,CONIFEROUS TREE,BLUE GREEN,BLUE GREEN,CONES,FLAT NEEDLES,4A,19,FULL SUN,http://www.missouribotanicalgarden.org/PlantFinder/FullImageDisplay.aspx?documentid=9296
8,JUNIPERUS VIRGINIANA,EASTERN REDCEDAR,CONIFEROUS TREE,LIGHT GREEN,PLUM,CONES,FLAT SCALE-LIKE,4A,7,FULL SUN,http://www.missouribotanicalgarden.org/PlantFinder/FullImageDisplay.aspx?documentid=8152
9,ACER PSEUDOPLATANUS,SYCAMORE MAPLE,DECIDUOUS  TREE,BRIGHT GREEN,RED,YELLOW,"SIMPLE, ELLIPTIC",4B,7,PART SHADE,https://www.google.com/search?q=ACER+PSEUDOPLATANUS&safe=active&tbm=isch&imgil=eXYXx_KXFp6LuM%253A%253BEB-6nH_2jMRYsM%253Bhttp%25253A%25252F%25252Fwww.treeseedonline.com%25252Fstore%25252Fp186%25252FSycamore_%2525252528acer_pseudoplatanus%2525252529.html&source=iu&pf=m&fir=eXYXx_KXFp6LuM%253A%252CEB-6nH_2jMRYsM%252C_&usg=__GYcG6oDJuyToMSC_l-lIVD9xZqc%3D&biw=1536&bih=760&ved=0ahUKEwiX--f_g4XVAhWKxYMKHTAdAkYQyjcIkAE&ei=rMJmWZf1E4qLjwSwuoiwBA#imgrc=eXYXx_KXFp6LuM:
10,ACER SACCHARINUM,SILVER MAPLE,DECIDUOUS  TREE,GREEN,RED,RED,"SIMPLE, ELLIPTIC",3B,7,PART SHADE,https://www.google.com/imgres?imgurl=https://upload.wikimedia.org/wikipedia/commons/6/64/Silber-Ahorn_%2528Acer_saccharinum%2529.jpg&imgrefurl=https://en.wikipedia.org/wiki/Acer_saccharinum&h=1280&w=1007&tbnid=Dp0_hTEjqJeprM:&tbnh=186&tbnw=146&usg=__eXL7QLE_kLNtkZxcISlIUJrHkxQ=&vet=10ahUKEwi3_saRhIXVAhWF6YMKHSo0AjwQ_B0IfDAK..i&docid=SxaiUH1kCmSfRM&itg=1&sa=X&ved=0ahUKEwi3_saRhIXVAhWF6YMKHSo0AjwQ_B0IfDAK&ei=0cJmWffRIIXTjwSq6IjgAw
11,GLEDITSIA TRIACANTHOS VAR. INERMIS,THORNLESS HONEYLOCUST,DECIDUOUS  TREE,GREEN,YELLOW  ,YELLOW,COMPOUND OBLANCEOLATE,4B,7,FULL SUN,http://www.missouribotanicalgarden.org/PlantFinder/FullImageDisplay.aspx?documentid=14464
12,STYPHNOLOBIUM JAPONICA,JAPANESE PAGODATREE,DECIDUOUS  TREE,BRIGHT GREEN,YELLOW,WHITE,COMPOUND OBLONG,5A,7,FULL SUN,https://www.google.com/search?q=STYPHNOLOBIUM+JAPONICA&safe=active&tbm=isch&imgil=VVXqMeZQi9TT4M%253A%253BmjEMJ5tzB5IL9M%253Bhttp%25253A%25252F%25252Fwww.devongardenstrust.org.uk%25252F%25253Fq%2525253Dnode%25252F262&source=iu&pf=m&fir=VVXqMeZQi9TT4M%253A%252CmjEMJ5tzB5IL9M%252C_&usg=__ICk9IEOjEOaJr5KphAqzIcINmSE%3D&biw=1536&bih=760&ved=0ahUKEwiapYGnhIXVAhXM6YMKHaulCXwQyjcIjgE&ei=_sJmWZquIMzTjwSry6bgBw#imgrc=VVXqMeZQi9TT4M:
13,QUERCUS MUEHLENBERGII,CHINKAPIN OAK,DECIDUOUS  TREE,DARK GREEN,RED,GREEN,SIMPLE ELLIPTIC,5B,20,FULL SUN,http://plants.thegrowingplace.com/Content/Images/Photos/F971-11.jpg
14,TILIA AMERICANA,AMERICAN LINDEN,DECIDUOUS  TREE,GREEN,YELLOW,WHITE,SIMPLE HEART-SHAPED,3A,19, PART SHADE,http://www.missouribotanicalgarden.org/PlantFinder/FullImageDisplay.aspx?documentid=8753
15,CELTIS OCCIDENTALIS,COMMON HACKBERRY,DECIDUOUS  TREE,LIGHT GREEN,YELLOW,WHITE,SIMPLE LANCEOLATE,4A,20,FULL SUN,https://www.google.com/imgres?imgurl=https://newfs.s3.amazonaws.com/taxon-images-1000s1000/Cannabaceae/celtis-occidentalis-ha-atal.jpg&imgrefurl=https://gobotany.newenglandwild.org/species/celtis/occidentalis/&h=1000&w=667&tbnid=Ga84c36n1iaIXM:&tbnh=186&tbnw=124&usg=__bx1z3JKUHKYMeUzDScHrxQUIvO4=&vet=10ahUKEwjIvIrVhIXVAhUF2oMKHaIGCukQ_B0IgQEwCg..i&docid=QqYNLjgnx9uxdM&itg=1&sa=X&ved=0ahUKEwjIvIrVhIXVAhUF2oMKHaIGCukQ_B0IgQEwCg&ei=X8NmWYiRCYW0jwSijajIDg#h=1000&imgdii=U73ujc8lt93EyM:&tbnh=186&tbnw=124&vet=10ahUKEwjIvIrVhIXVAhUF2oMKHaIGCukQ_B0IgQEwCg..i&w=667
16,ZELKOVA SERRATA,JAPANESE ZELKOVA,DECIDUOUS  TREE,GREEN,"YELLOW, ORANGE, RED","PINK,FRAGRANT",SIMPLE LANCEOLATE,5A,20,FULL SUN,http://www.missouribotanicalgarden.org/PlantFinder/FullImageDisplay.aspx?documentid=8244
17,BETULA PAPYRIFERA,PAPER BIRCH,DECIDUOUS  TREE,DARK GREEN,YELLOW,WHITE,SIMPLE HEART-SHAPED,3A,20,PART SHADE,https://www.google.com/search?q=BETULA+PAPYRIFERA&safe=active&tbm=isch&imgil=erY6TlKYMH0jHM%253A%253BtmpB2Kl5s3nssM%253Bhttps%25253A%25252F%25252Fwww.pinterest.com%25252Fpin%25252F374995106445266822%25252F&source=iu&pf=m&fir=erY6TlKYMH0jHM%253A%252CtmpB2Kl5s3nssM%252C_&usg=__LNWsq6t6mr7lTO-BXY2QFIqgjWM%3D&biw=1536&bih=760&ved=0ahUKEwiR9I7_hIXVAhUCw4MKHVYKCz0QyjcIjAE&ei=t8NmWdG8EoKGjwTWlKzoAw#imgrc=erY6TlKYMH0jHM:
18,CARPINUS CAROLINIANA,AMERICAN HORNBEAM,DECIDUOUS  TREE,GREEN,"YELLOW, ORANGE, RED",WHITE,SIMPLE OBLONG,5A,19,FULL SUN,https://www.google.com/search?q=CARPINUS+CAROLINIANA&safe=active&tbm=isch&imgil=7gemDeKJezLQsM%253A%253B6CE7e1fg5_xiRM%253Bhttp%25253A%25252F%25252Flongislandnatives.com%25252Fproducts%25252Fcarpinus-caroliniana-american-hornbeam&source=iu&pf=m&fir=7gemDeKJezLQsM%253A%252C6CE7e1fg5_xiRM%252C_&usg=__KqGXogsKm9Ibr0kghgIxLd-vJlY%3D&biw=1536&bih=760&ved=0ahUKEwjQjZCIhYXVAhVq04MKHXACDAwQyjcIkAE&ei=ysNmWdCADOqmjwTwhLBg#imgrc=7gemDeKJezLQsM:
19,LARIX DECIDUA,EUROPEAN LARCH,DECIDUOUS CONIFEROUS TREE,GREEN,BRIGHT YELLOW,CONES,FINE NEEDLES,4A,20,FULL SUN,https://www.google.com/search?q=LARIX+DECIDUA&safe=active&tbm=isch&imgil=C91TIKt8wSIzoM%253A%253BI2Os2VTj2-8BtM%253Bhttp%25253A%25252F%25252Fmajestictrees.co.uk%25252Ftree-shrub%25252F275-larix-decidua&source=iu&pf=m&fir=C91TIKt8wSIzoM%253A%252CI2Os2VTj2-8BtM%252C_&usg=__0lQtLF4TGK999BudAsGzzxBZ3Uk%3D&biw=1536&bih=760&ved=0ahUKEwiEmfKQhYXVAhWm6oMKHeHhAUAQyjcIigE&ei=3MNmWYS7I6bVjwThw4eABA#imgrc=C91TIKt8wSIzoM:
20,MAGNOLIA,MAGNOLIA,DECIDUOUS TREE,DARK GREEN,"YELLOW, BROWN","WHITE,GREEN,RED,PINK,PURPLE,YELLOW, FRAGRANT",OBLONG,5B,19,FULL SUN,https://www.google.com/search?q=MAGNOLIA&safe=active&source=lnms&tbm=isch&sa=X&ved=0ahUKEwiA86iZhYXVAhWh24MKHfLcAg4Q_AUICigB&biw=1536&bih=760#imgrc=5Eixv7Z2Ub-zPM:
,,,,,,,,,,,
21,RUDBECKIA HIRTA,BLACKEYED SUSAN,WILDFLOWER,LIGHT GREEN,BROWN,YELLOW,SIMPLE LANCEOLATE,4A,9,PART SHADE,http://www.illinoiswildflowers.info/prairie/photox/er_goldenrod1.jpg
22,GLABERRIMA SSP INTERIOR,SMOOTH PHLOX,WILDFLOWER,GREEN,BROWN,"PINK, PURPLE",SIMPLE LANCEOLATE,3A,20,PART SHADE,http://www.wildflower.org/image_archive/320x240/PCD3422/PCD3422_IMG0073.JPG
23,ASCLEPIAS TUBEROSA,BUTTERFLY MILKWEED,WILDFLOWER,DARK GREEN,YELLOW,ORANGE,SIMPLE LANCEOLATE,4A,13,FULL SUN,https://newfs.s3.amazonaws.com/taxon-images-1000s1000/Apocynaceae/asclepias-tuberosa-interior-fl-atal.jpg
24,ECHINACEA PALLIDA,PALE PURPLE CONEFLOWER,WILDFLOWER,GREEN,YELLOW,"PURPLE, PINK",SIMPLE LANCEOLATE,4A,6,PART SHADE,https://files.dnevnik.si/g/mojdom/_custom/Laura/trajnice_vs.jpg
25,TRADESCANTIA PALLIDA,SPIDERWORT,WILDFLOWER,PURPLE,PURPLE,PINK  ,SIMPLE OBLANCEOLATE,3B,19,PART SHADE,"https://almostedenplants.com/shopping/images/full/Tradescantia,%20Purple%20Heart%20Jew.JPG"
26,RATIBIDA PALMATA,YELLOW CONEFLOWER,WILDFLOWER,GREEN,BROWN,YELLOW,SIMPLE LANCEOLATE,4A,7,PART SHADE,https://www.nps.gov/common/uploads/photogallery/mwr/park/wica/A6515739-155D-4519-3EB7BF2F62016B22/A6515739-155D-4519-3EB7BF2F62016B22-large.jpg
27,SILPHIUM INTEGRIFOLIUM,ROSINWEED,WILDFLOWER,GREEN,BROWN,YELLOW,SIMPLE LANCEOLATE,3A,11,FULL SUN,http://www.illinoiswildflowers.info/prairie/photox/rosinweed1.jpg
28,MONARDA FISTULOSA,WILD BERGAMOT,WILDFLOWER,GREEN,BROWN,PINK,SIMPLE LANCEOLATE,4A,7,FULL SUN,https://diggingri.files.wordpress.com/2013/07/dscn0504.jpg?w=640&h=480
29,ASCLEPIAS YRIACA,COMMON MILKWEED,WILDFLOWER,LIGHT GREEN,BROWN,"SHOWY, PINK",SIMPLE OBLANCEOLATE,3A,16,PART SHADE,http://www.pfaf.org/Admin/PlantImages/AsclepiasSyriaca2.jpg
30,LOBELIA CARDINALIS,CARDINAL FLOWER,WILDFLOWER,LIGHT GREEN,YELLOW,RED,SIMPLE LANCEOLATE,3B,20,FULL SUN,https://fromlynnsgarden.files.wordpress.com/2011/01/cardinal-flower.jpg?w=545
31,ALLIUM CERNUUM,NODDING ONION,WILDFLOWER,LIGHT GREEN,YELLOW,PINK,SIMPLE LANCEOLATE,4A,13,PART SHADE,https://www.accentnatural.com/wp-content/uploads/2017/05/Joan-Rudolph-261-Nodding-Pink-Onion-Allium-cernuum-199x300.jpg
32,VERBONA STRICTA,HOARY VERVAIN,WILDFLOWER,LIGHT GREEN,YELLOW,PURPLE   ,SIMPLE OBLANCEOLATE,3B,15,PART SHADE,http://static.inaturalist.org/photos/503400/original.JPG?1379548533
33,VERONICASTRUM VIRGINICUM,CULVERS ROOT,WILDFLOWER,GREEN,YELLOW,WHITE,SIMPLE LANCEOLATE,4A,15,FULL SUN,https://davisla.files.wordpress.com/2011/07/veronicastrum-virginicum-album-e1311761179833.jpg
34,CACALIA ATRIPLICIFOLIA,PALE INDIAN PLANTAIN,WILDFLOWER,GREEN,YELLOW,WHITE,SIMPLE HEART SHAPED,3B,6,FULL SUN,http://ftfc.org/mng-july-2013-photos/#prettyPhoto[postimages]/6/
35,SOLIDAGO JUNCEA,EARLY GOLDENROD,WILDFLOWER,GREEN,YELLOW,YELLOW,SIMPLE LANCEOLATE,3B,8,FULL SUN ,https://perverdonk.com/Wild%20Flowers/Goldenrod/Early%20Goldenrod/200808051423094%20Early%20Goldenrod%20(Solidago%20juncea)%20-%20Misery%20Bay%2C%20Manitoulin%20Island.JPG
,,,,,,,,,,,
36,JUNIPERUS COMMUNIS,COMMON JUNIPER,CONIFEROUS SHRUB,GREEN,GREEN,CONES,FLAT SCALE-LIKE,3B,7,PART SHADE,http://www.uwgb.edu/biodiversity/herbarium/shrubs/juncom_aspect03gf516.jpg
37,JUNIPERUS HORIZONTALIS,CREEPING JUNIPER,CONIFEROUS SHRUB,GREEN,GREEN,CONES,FLAT SCALE-LIKE,4A,13,FULL SUN,http://www.onlineplantguide.com/Image%20Library/J/4528.jpg
38,HYDRANGEA PANICULATA,HYDRANGEA,DECIDUOUS SHRUB,DARK GREEN,BROWN,WHITE,SIMPLE OBLONG,3B,13,PART SHADE,http://www.newplantsandflowers.com/wp-content/uploads/Hydrangea-paniculata-Polar-Bear-photo-Breederplants-300x225.jpg
39,ROSA 'RADRAZZ' KNOCK OUT,KNOCKOUT ROSE,DECIDUOUS SHRUB,GREEN,BROWN,RED,SIMPLE OBANCEOLOATE,3B,15,FULL SUN,https://www.brighterblooms.com/images/D.cache.dpthmbn/1553.jpg
40,BUXUS,BOXWOOD,DECIDUOUS SHRUB,GREEN,BROWN,"NON-SHOWY, WHITE",SIMPLE OBLONG,4A,15,FULL SUN,http://russellsny.com/photogallery/plog-content/thumbs/plants/shrubs---evergreen---broad-leaf/large/264-boxwoodgreenmountaincolumnar-copy.jpg
41,PHYSOCARPUS OPULIFOLIUS,EASTERN NINEBARK ,DECIDUOUS SHRUB,GREEN,BROWN,"WHITE, PINK","SIMPLE, ELLIPTIC",3B,7,PART SHADE,http://2.bp.blogspot.com/-LLdQUqg6PXw/US93Pvn1YXI/AAAAAAAAbt8/hneEBcWJPyM/s1600/Physocarpus+opulifolius+'Nugget'+at+Morton+2010c.jpg
42,LONICERA PERICLYMENUM,HONEYSUCKLE,DECIDUOUS SHRUB,GREEN,BROWN,"RED, YELLOW, ORANGE",SIMPLE OBLONG,4A,13,FULL SUN,https://4.bp.blogspot.com/-IkwpJWzlASQ/V3Git9368yI/AAAAAAAAAbs/vGJEQB-8PNgEaqohkHDC4nBuWBNmXLjYQCLcB/s640/DSCF1725.JPG
43,PICEA MUGO,MUGO SPRUCE,CONIFEROUS SHRUB,GREEN,GREEN,CONES,FINE NEEDLES,3B,13,PART SHADE,https://s-media-cache-ak0.pinimg.com/564x/7f/ed/3d/7fed3d8badc12e594ec8062f25edb59f.jpg
44,PINUS MUGO,MUGO PINE,CONIFEROUS SHRUB,GREEN,GREEN,CONES,FINE NEEDLES,3B,13,FULL SUN,http://foothillsnurseries.com/wp-content/uploads/2013/01/mugopine-300x300.jpg
45,ABELIA X GRANDIFLORA ,ABELIA,DECIDUOUS SHRUB,DARK GREEN,BROWN,PINK,SIMPLE LANCEOLATE,4B,13,FULL SUN,http://www.onlineplantguide.com/Image%20Library/A/8480.jpg
46,ABELIOPHYLLUM DISTICHUM,WHITE FORSYTHIA,DECIDUOUS SHRUB,DARK GREEN,BROWN,WHITE,SIMPLE LANCEOLATE,5A,7,FULL SUN,http://www.onlineplantguide.com/Image%20Library/A/10747.jpg
47,BAECKEA VIRGATA,TALL BAECKEA ,CONIFEROUS SHRUB,LIGHT GREEN,LIGHT GREEN,CONES,FINE NEEDLES,5A,15,FULL SUN,http://www.onlineplantguide.com/Image%20Library/B/19340.jpg
48,AESCULUS PAVIA,RED BUCKEYE,DECIDUOUS SHRUB,GREEN,BROWN,"RED, ORANGE",COMPOUND OBLANCEOLATE,5A,7,FULL SUN,http://www.onlineplantguide.com/Image%20Library/A/1248.jpg
49,CALLICARPA DICHOTAMA ' ALBIFRUCTUS',WHITE BEAUTYBERRY,DECIDUOUS SHRUB,GREEN,BROWN,WHITE,SIMPLE OBLONG,5B,13,FULL SUN,http://www.onlineplantguide.com/Image%20Library/C/1970.jpg
50,BACCHARIS HALIMIFOLIA,GROUNDSEL BUSH,DECIDUOUS SHRUB,GREEN,BROWN,WHITE,SIMPLE LANCEOLATE,5A,13,FULL SUN,http://www.onlineplantguide.com/Image%20Library/B/1598.jpg
,,,,,,,,,,,
51,PENNISETUM SETACEUM,FOUNTAINGRASS,DECIDUOUS GRASS,GREEN,BROWN,"WHITE, PINK, RED",BLADES,4A,13,PART SHADE,http://images.midwestliving.mdpcdn.com/sites/midwestliving.com/files/styles/slide/public/100426829a_0.jpg?itok=uICK8Nci
53,FESTUCA GLAUCA,BLUE FESCUE,EVERGREEN GRASS,DARK GREEN,DARK GREEN,BROWN,BLADES,3B,7,PART SHADE,http://images.midwestliving.mdpcdn.com/sites/midwestliving.com/files/styles/slide/public/100355393a.jpg?itok=jvh0KgMw
54,HELICTOTRICHON SEMPERVIRENS,BLUE OAT GRASS,DECIDUOUS GRASS,DARK GREEN,BROWN,WHITE,BLADES,4A,13,FULL SUN,http://images.midwestliving.mdpcdn.com/sites/midwestliving.com/files/styles/slide/public/BHG128089a.jpg?itok=DR137ahN
55,SCHIZACHRYRIUM SCOPARIUM,LITTLE BLUESTEM,DECIDUOUS GRASS,DARK GREEN,GOLD,BROWN,BLADES,3B,15,PART SHADE,https://c4.provenwinners.com/sites/provenwinners.com/files/imagecache/low-resolution/ifa_upload/6b9ae6412315e20dc047f29c825c91ea.jpg
56,CALAMAGROSTIS X ACUTIFLORA,FEATHER REEDGRASS,DECIDUOUS GRASS,PURPLE,GOLD,RED,BLADES,4B,13,FULL SUN,https://encrypted-tbn0.gstatic.com/images?q=tbn:ANd9GcSUIinNFyfEWd4ARjOgqDOxs2yYdyUYwpkYbzda36tY1dcKXkBR
57,PANICUM VIRGATUM,SWITCHGRASS,DECIDUOUS GRASS,LIGHT GREEN,BROWN,RED,BLADES,3A,13,PART SHADE,"data:image/jpeg;base64,/9j/4AAQSkZJRgABAQAAAQABAAD/2wCEAAkGBxMTEhUTExIWFhUXGBgbGBgYGBgaGBsaGRcbGBcYFxoYHSggHRolGx4aITEiJSkrLi4uGh8zODMtNygtLisBCgoKDg0OGhAQGi0lHyUtLS0tLS0tLS0tLS0tLS0tLS0tLS0tLS0tLS0tLS0tLS0tLS0tLS0tLS0tLS0tLS0tLf/AABEIALcBEwMBIgACEQEDEQH/xAAbAAACAwEBAQAAAAAAAAAAAAADBAECBQAGB//EADoQAAECBAQEBQIFBAAHAQAAAAECEQADITEEEkFRYXGBkSKhscHwBdETMkLh8RRSYnIGI0OCkqKyFf/EABgBAQEBAQEAAAAAAAAAAAAAAAECAAME/8QAIBEBAQEAAwEAAgMBAAAAAAAAAAERAhIhMRNBUWHwIv/aAAwDAQACEQMRAD8A+fDEUYwOOyk8YugR1edV2rFReOW7xRCqwhZYaIBi6zFQ20Zl5RrFSaRKDWKqjFVMGIcNtA0I24uPOOaMw3nTy4QNCmU8TPFEncHyUf2guFk0JJAZr9PvAyyUpBY7X9YW16wSYpzTXS2sDCSdGv5B4zGZ02lI6XKcO7dfKAyc2gh7DpJ8OjE3erXPzSJvgisuVVgXa2/GGZEmme+4prvC6QkO5Ll+lNt4NNlhKT4iQwN9xwgpDVNd62iEgkGgbQ/zEJZyGZtb+WsHWCQ9gNhrAwAmG2nTlEKSkgB+NPeJFXdu1a8TFykJ1YHg44iEBIRlDtrrrWkME2Dl62+WiuQlBaKFSkpHUQX01MvFHj9oNN8TDXd9IBKS4rd+cHmApMapDxLBJAo4hROYJrekOF+DQNQcHaGViSYKFNQJet4riGNjo0RLWRFMPm4dfaCygVOGvS9q+kDSnUX2/f7wRJLkqBFA1fjwEpPI3roIXUSYdxElVkoarUdy255wtMQXI+cIqVr4HHRDR0LHlJFa22oGgUwCjaxRJqWf9oIT/kxiGD/AcxH4IBu8WWrSITLfT7wspMEDEGmyyK3BjpUt3fn/ABDvjKIfT5vFVmDysMq4D1O+lRaxg01IUzMFH8zOzilR104xtVgSUFwKVCeBqBaJmo/KBrvswv5xqy/pxeUSHZBKhr4Umo0dx1iMThgEPuGe6nSTYXchtrRHb04yzKeWiv8A1Jg7Jln3MaU2RlQL+FKdrq8TdAefqLYCR/yZZGk1RL6ZgBp/qKwz9SA/EUC7B6EsKD2HkYLyMjz04G/8R0sEhR2H7QdcnMpg5Oug4APv7wedg8sulXd2I/uSKbsdYu8kYQRmNNhbmWhrDOkgbivPT5zhzA4RvyklRzA2AsAz3Zy/Fop/RFwbZW8OgBq6mdxvE3lPiuqJ2GK/GDSr97NvBMoSU3JIIY38IcA+VYdljMCwupLg6ODlPCo7GLnBtNSVUHhJOlfCUjgVEDrEdv0cKDDrX4soADG13/K1HNPWJ/AU5DnW1gQNY1MTh1KSylMosGSTQtU8LinCEZqCCoBvExu5oHIpfkIOxwh/SHcsRwDedRHT2tm20hgycqXVXwuWNKl6l6NTXTa40IChlBdTmzsas8VrmtLw9DU6HuIUUAak+evKNKbK/MBowLbgB/PeAjC1dFAQXelQ75XsNY0pxSWQaDo94sT1jsMhnGoF+JYAcQKnpBsigDalAWfSo5vcwDCsxOjF+NYWXsddYNMw6nDqYAHoTpQU5aRyJZJa9WimsKow6m8IsRfV4jEYdSXs/D5tGxNk5EK3Ol2AZwNXrCSMOoqFKHyFXNQ+nrDORwHB5uD62szcmhhA8JdQBB2te3AxX8BctWYAF2u7hr0BLVvSGsLg8zO4G1xoaDXXyja2OMtKSSS/hepo4BU7C9h8cQkqWyHdzmNNim78K6bxtollEskpDsRehBIHiBFDejbxkYiaouCAcrFiwFXPVg1oON9bl/BUSif+mT0P2jolOJOz8QDHR0RiBh8qcyqX8v39IGZZUCpqA162jcxeAJJeiRpqw60084ricMUSpgyjMJssACxZCit+BjnOTpeLClpBo9dmf0hyVIWlX5M1qWPa/SOEghQZPhUHG5GznUW6cY9Bh0eFOdhYF3rZma4tqxg5cm48dAmYQKoUit/CARS7hnubfaEl/TQkgpdwSGdwXFK7tpxj0EnAgEF1M4YaAG99K68o0FYFJI0rvQl3/wDp+sc+7peOvGJkkUdjcFqFra06R2Iw6idwokktZ22vS3OPRL+nsSHKGRRrl1O97ueF+UDxGAVmChYHVm1Gxa+m8buLxVwcvwSiseP8NSQHAT4cwFeRA6QObg1EEknKBtW6nHNhvGrLkBQD1ygNo7pqfU9IuZG4owD9QFD94i8hIz5UlkoCRlZaSRcMyqU11iv1LBOoUBJBcHhSpAerAN12jUTLDC1SCOF7cfvFVEcvygdd6VAFa+0Ha4Z9YH9OEpWAKMLEBwbfl5nQ6wSXgzkBCapygDQkpBXSlKntG5Mw3iVSp9r1+7xYy2Aq5Lvpc38meHu2MqTh1pDEJfUtYMAwo7/OVJ+DDLIT4twxzB/E3IEi36tY3JWCTYAVv0+HuY5eELsGoTe3Hrb4IOxsISMKAigGr02SAnUMGfqYcTh0lJIToDXZiRfqe0Gw4oaBwTx/m8EmABJYNRhtUMPOJ7GEpkrxUelOt+3KMUYfKAF3qQKOD/3aUBj004tv7GlOMKf0SVkvcqL02Fbxpyxq81PwylJIYMGDmxLu73OvC/OCyPpykzMulAoh2o1P22j0f9HUJUdyxDtUdtupimIlpSv8gzKoTWwHbg8de/iLHncGAVKUP1qUQGf8xBrpte0XnYcpoLu5D0yqLaa9rxtSZaFEMmtCKWqzAizPETZTgEVBBA6WFBTT/wAYO5zxkSMP4wVFxToeDb0+GGFSUleXK4FBe+rffhDcnAuoGlg5uaFzw146QYB3VbajMHtxfjB2bGQUgqSMr+Nu1T+xI2jpOEEsOWJq7MWLuBwL+caclDKBZ6CtXr7VrC6sPmVlCVEmpYGmgI049IewwDEygsy0EUZLDQkgrctUi/8A497HCMpRZzlIAD8G2sDpXjRo0J0rKQP7W8T8AKua/sIKBqAdvm0HdUYZlVB8JQHBZs2jkbg11hglJ/QQlR2udTuR2ho4ZqgkAmgLamoPJ/SDCQ4r+QafNG0iuwv0kmQkaDxFgz6b9ecZq8IZniy0dkgu5Ng4owj0f9IAlgHG3PUbRVUs2DpH9wdzUHiwgnIXi88fpAFPxGb/ABX7ECJjWmSCS4zAcz3pHRf5K3WDz5AVQhxRx5PWKLkBWdgw8dd1ZGBFdnhgV7NBBh3SRpXz9I5SurOl4Vg36d6ci9N21No1JeFBQNCBfh8qI4yRatb1vBsIdCapofY9veC0JRKoxGtxw14QRgC/iHUFJ50cHjwiqVaHQ9x8aKrXe+38wa19SEpKidSKdK94DNSGA416hvVolE6/+Nem3tSFsVOZ2q7F+oPtCnRVjLm5p83HvHTy8s/7B+WYGOUt0rBvf/1B9XgWILymFLFuoiTfiZkx2NBRxydhF0pDos1T5MPMiA5QyQdmYf7fPOLKUMwINg2upf7Q6nB8QglR4Ox4qI/fvFXBDm6WB9vv1iJSwFHiRwa7egEBx00Bsu7K5XH7dYP0aeVOAFNW7bQITgSSd/VhFDsTb5p1gVQH0q/r6PBrV2dlKANw/YAU+aQUzBragHQkxnrXVOx9wfKOGI8AGuVX/qGMT/YlPCc4Ct1BtWrEyFkZif8AI91E+0ZP9SBS2WZrdix9CewhlE7wFtaelPOKTrXCwBaoFTz2hYJzqSdg5D6q17esDXPdKzWpYeSRaF8LOKUKUzFVE8GZI8wYuK0wsJABF1HjYlh5Hzi0ktRNmo40tTyjOxGKFABXMQndkhn8z2hrFTQlIY2pzBAI8/WJz9iVZCgAQDQUpuL/ADlFxJs+hobGF8IWATejk71p3Ne0NZmcv8a8TpgqAKEszv2+COShhlFHG5pp+0CUqqQevQ+9IJ+Iw+damGVQMxIB36c+rUiiTmUGoNaWtETi5A4gUezH7+kDwiyVGx/NQbAs/t0hk9TRpgBNKgBnL2hiQwTQNWj9hyhTPruX5gUSA/J+hgZxjmmnnv8AaK0bjUSsHQcIEhZca10DCFgpmd38hziTPAc/zwgVpwD/AG6E/eOhFSjqpuFY6N2o1dPLZ2sKiG0rqw0pZ7xRAGttYLKNoVprwgE1RSpMzQkA7MbHofUw49PnpCs4jxJZwRUcDcjiIK1TiTUKHn9+4rvFBMBDjTzhdE2gBYjc6nQjnQ8zFZa8qrUOg435/wAwalYrqTlNRTtC4WDLB2Sx9IJMUR+3e8Aw6mBAe6r6UcN94wNS5rkg6+9BAkkhOU+evOBoU5cENSr8G04GALlzM7dyNaxqxlwCl3qPXlrB5a67cG4UvSEioGwNAzEdaNBXCgDofbh0eCmD5qlG6XH26H1hOfOOYHUhuoeA4ycQAp6oL9DcQHGHOAU1Omhvbs8bE1opxDn5r9olK/0uzbVcbi/GM1c0tqCCRz4+kFTiamwsXb+6pDj7aRsOqTJpUE7hjvozBh6cIBMxACikVFm/2OYt0gc/EOC1AkttR6+0LS3JciuhOrBvcQyItEnYgEMWDhJca+FvVo0sNiBlU4/KCeZdgO7d487NJZyKkFrBw7BwOka0uaEhqOWcaMxUAX6d4cDU/GZA4ANz1hbH4k+HVg/YPrxHnFlqDFyGp7U05Rl41JJ8R1qG6t6Xior9GsCt5qaUSEpAO9FK6u0OLnZlsTQGhpu1v+0iEMDNISVmhY86sxPH7RAxBSHFXu25tuwr1eDl6I1UKINXqTqPnDpB1zah7Ppro3KMhGILACtA4vVmHn6QRc0s3lXpy3jnZ6qU8J9XGtByG3B3PWDiZlqTUuK300hKW1zQN3ikxbNUM3UFwAw7wyKTiMXUtQh6WDlgni4oe8Rg5uXwh7M42pXnCpmhVgCRYsXF94ph1FJOugFBU1btwjpmRNaOImkkJs4CQ1qXPO/lFpBAFAznWw89PWEQMyizlIaoa6n7e7xeasAEacHHUN78Y0gNYiaHLFyNKmnCkRJmkq3avXS+gEKISHcX4gUan2vDMhPG5oTetUjgBT94LGWUuYSSk0iYGVDVKvKOgONZOLS2jbPU6wwibtGbht+NN/KHZSGb3ili/wBQHqeW/WBTZlXN3/aB4hRLUfpt8tAZocBzyPzQxNFqmLlio/So0I0Nw3zeB5lFINXq/A8axxZiCW36WI42hOSSlRBN9CaA0t3qY31JgTCQQqnfkX3pFpRZiBtV9KNZoErKqyn3LnUfxeOALhQBIZuTWNLsYPjDTK8S3cfLQOYssFJHn1JZ+sQFKzGwtvShFKfGhGxLHepdhZ/e1TWMWqFg9KbdatwrBlHw1NB6tpGZhZ2YUVmNKs1tK+9YZTiEkOH5c6WaA6WxU6uXcEFxffkWbtwhRHjTUuH6bFn4w3iZ4TYAkuN7XYW6/CmiexAzJJ2DNTZr8+EVImjgsHCgoljXOKhusTJnBThgk6Zu7HMPPWAzzlY/mL2ZuFGNDe8CmrCgXBD6Gh5GjaM3GN9CuMPhJIALj/urY3GrRVKq0Dvfm1XESqeEIqMzK5mgZyPf+INgWIehoGNCakn9Ib+OEUwJIS+Wpu4IodknSut9A2s5gu99K08Ib50iMfhxmoNArVn/AIfy3gK3oQAG5C73BgFOf1DknMLGh40gUx5gLlnOiQ7UanffygSVhVEXHr8eI8RYqUwZu3oKWisYWXOCEswZqvtsW2rC0qf4hksRYGwVQX5R0/FAkpLEEaNSnLlFJAUojKGvegFWYtsAPhhZpSzmY7GjUB2NDVoPKN7dmZgzQDCrZNqswerPclvnGC5QkAlTD5QPwjnhi6p7VckC4oX4s9LecDOLDZmA4lu3bnCSpiSpSpdS1zTlVuOsLrmOwUWLkkUazGgG9YrDuNQKLUURb8tCGNX4cQIDjZpd6cXehPE6W84oFEhkkc3rxao2vAFqd0k6tUevQmsOJtP4LEAMWLENuGLPzo/lBFTAAXCQ1ix/1q3qYRlzQkUDk0ejF9W4Vi6p6lHpejcaHQX6Rvo07h1JIQ2Z2N+dXfvFjMJJASKefJnHwxlYrFrLJTuXNDTjcX5Rb8VYFQakNl6Craw4ZTKcTM28hHQuFf5eh88weOhbXqF4gAOH527UvxiDPeoJ4Pb2heYAHqlxo5LbvWhgCk5lUof7qWF7X5RFitPpxI1XrrTtaBzJ1Wqx3D9R+8AVNSkspIpwBPUmxo7AUiP6oKdmqGZx7feNYdRiFEVu7NSv8/eM3ELOUGj24Ur2Ifyh8LBBcF6UJN24whmct1s7Nz4wYKOiYEpACg5YkmmUEUAOlCK30g0jEJzBRIZLlVaUokdS3eMDEzjlL1dy3M6+3QxH0xYZeckIoKNxOUAi5LHudIrE9noVTPEVE0L3DnceVfjxkT5hUoj9VKMDRw5LkQti8S6qKodnHrqbVgGHxUwqSlAZRYUS5J4D70jTie0bIWRqRUXDAWzU5V1vDSr5nagB5ct7wlOWyRdaqNloi4/UmijyDcTAZ8xQYZaipqWsxtuHD/zE42i/UJyQaVtTSl4D+IopzABhqKcq7OQbWjLxeONBQi1b8XMQMWSDdxRtdOEVOLPQS8RlTmstTgG+VI/MRsTbvGb+MxYU2r5KGvCJnJSQK6AMHLO5JtqSYzwFJNqaks7dLRsB3E4gioqTXTkzbt7Q9hcRmSmmU3Paj7Uc9YxGzKQncs/Vn8x3jUkSgvxD9QBINHZxw2FH2hsxofmTXqQ9mIv03DP3jNx2OTmJ9z6EWNaRoYmW6cpUE0BVVuQodPcx5rFJZSspzAEeIO3GpO7wcYqnZCyQWcgkil9aBvlYmfPPi8TOG5cK0HzhCknEEJYOD846QvjsQSXU33/aLxBkFNGJ4n1rTRh1jTVPEtCQwJsbDQa83jE+mTKKBrV/Yn2gy8SRV3erttZo1jNHF/VAkkVUTRxzueP7wpNxhJ8QoQxoDRzvz/iFsPi1LV4gG4AA0qWPWJxkpZIEsEgUo7O9XOlDwgxUgicTQuEitwVa0/l36xaUsZjXOAK/3AaniB8aF8R9PWkA1IsWdXHazfNYWkBrFnNG8mhyNY0Z2IBICdB57jhA1zmJc025xSUdRfsNuz6DeFZinLsKE15fvDIloy8WE1JJYUaKjEqNiRw46c4zZNX5+0NSq6toPc01jYzTkJ8ILjKTxu9f5ga8Y1r2oWa1CT9oXXMcBCQVHh0iwlFwGyk3uL6c9WvGYQYlBqQe4+0RBF4eUg5VMVC5bXtHQFszj+GczpIOur9eXrDchbIdblaqJAI8KQKKsz69jtEIlTQpgkZBcgh+NX8IZ6MIHi5hDFVyTx1oW7xGFdQd0kne79D2tpCGOkKApUb0o1IInFgULcxTvsYj6jlWkH8QoA1rXodXhwlZX1AiinpYm1LNtB1T0qchVx2bUesKy/p6SKLJ4AUHnR9q/YcqWUVA5G4BtQceMbE2lwldTlOXShZhRvm0Um4jKEpFnzK5nToGik6aVVUSTYk3swMLz1O/XyikniQxBoOlNtRa8HGSUmasgqDjMLZiq0q/5aZl7hk7ujJU1Tsw579PtAsXMJQhD6q7k5a9Q/WNIY0Zf1JRGYqKlEDKBuLsBsKUteM2ZONitxWgN+o5xVUw5G7vdiHZ+YheWoU+cY0hNFOZJPf2PDYxSUss9yKEbiJw5YXHUgXZxU2MERJUfEkONb9nZn0ioA8UTmLHX/1NvJoLh1hRyubnKXb5QjvAlSyG7ft29I1fpeAdIU4CnJBKQUgJIHMk1Yf4mC4Q5eEWgOalIUDrVSWTtWo2tG79PkiUhKlqygAqKSWJNHd7J/KOBMGyJBdKfLbhoH04dYz52MZTKqVZX4CpKR1Avw4RH1WYt9SUVKABFyXZxyYU0y13EYP1rEF8lhmNHcPrpyppG19RI/BM1J/IUpLgVzZmJ2YjzjzOMxBUZYNbG1ah77RXGNqPxGTTc+wELzjZ9Gf1MXJp1J6ANEBGaYBy+8Wk8gBCDx7t8p1gM5Kiw3v9hwi00lSybJTZ7c/U9RA1G5B8O+/7CMIaBloALFTMXuG5C9+UN4ebLVRKnJDAFx4gXoHatgG5bHzyJyipwSKaGrAe/vBwskKU7LA01DpZXBQU3fgXnqv42p31MpBLBQZqEil3SUmj8IzsoJepCnIL1uR4n14wLHr8Sq0d20rX3gknFeFKSAQLeZptDILRZKCK0tYkb7cxCiZtn/NuO/qYGiYSDW5A5fKxMkOphb94wFmJYBPD4ezQfD7m1SxOmg94TzZ1cPbSGMOklXCr7cz6DrDjU19PNQSkvRhvsRwZ+5h/DpUlQOcKIJBu4A61Nb8ekKLxSQgJylt2uLVLMBW0Fw2OGYBKQSSKWOUkJUVV2dmo0TjGkzV6BRG4VQ+UdCX46DUoVUmxyhnowfaOhw+NCXjnU7LWGbMtR6kCjB9z9oqrFtRBS3+yh5ZmPXtGHip5SxQpxR7itA6hqfnPp00kAg300cM/sesT1bGrMm3KkAHh9iW7RbDygpQD5QXJJsAKk72jLRiy29KDalz9o1sHMH4aphTmzeEXyuKqJrRAYDS7bxmzBUz1H8if+Wmzlm4lVio634UYQrPW9QaPz8/eKLmKUXKgQLMzAcAKARdC2unNxv6RIpaeg1O9/vAEdy/ww7PRqmxs/wA6QosNbnFRKqzTgHbuYieNdmPVNY7M47jv+/rAfxLjh7NCYoC+Ztqd3iq0hKiHLAkP5RMiYzdfJJgZS5D2FT6/YQqME05+QNun7RdKMwL0brTcD5aE1T2Fa1fly4cIakreor9tj80jYKlwaANepqaV5dI3PxUyQKErEtCQm6U/iFyG1UfGTwKdzGJJlgLGaw8R/wBdRzJ8PMiCLnlZUaZioqvc6fsBvwjYzd+m/VCVFCyCQHJ3FGPKw0v2yMdjiuYSzO9jQ08J6ANAJUzKgtoTzypFU9z5R0qqi9nd+BrBmVrWhP8ACjFSHdkSi/8AkmeArtnbpGIv86eCD7j7QyJpMxZP60LfnmC/UCFncKOrU6kD2ioyrOEjcHtVvbtDGDIClK2evp7QMIZ+HhHeCJScuUalz7dIzKqOalhry25k+hgOMUSGSKWavlvE4hVKDl9zCwBRUHxD8zaD5eMZESQ1dRf1+8Ekq/8AlXmI6WtKqMxIZxatnHPaOwyaF7ge4fyhKZiiXgqQx7+hgcoeJPzWLS1Oev2EAqMLQcwX60HnBUhgo709jFQlh/4jyeJYmg1NPv3r0jBMpFPU7COmTCBlAqdOHGCTmSAl+fPTt5xMrDlitZCU2G3PjyqeEYIwv/LINz+p7EbHfl12gs6UEKOVyDVO5cOCo2cAjrAZuNQPy5lf+o83J8jC2JxJWUv/AGiz9v5jHKZImmrevtSOhBzuY6HDiyjSp5dNYlMzw8Un/wChfygUzeISD3jLw3glBSgkAOTcmg3JbQBzyguN+o52CfyAkIDAMkAAFhQE+IniowthpRSFk0OQipSPzEJN/wDEqgSUJB/OOxI8hE5GMyZzfKxoYbEc+usZYlp0mDsr7QWT/sDvf7RrE1uSiCCL6/uOMAnJarOB3qIoie4d6jUX7awaYc1RR7t86xCaSAY8Pvf5wga0sfmpMHWlnfR/nvFC1CRRrb8BFaAJctmJoPEH1JsWHDeLTZiWYIFbuSSwtZuGmsSp1KBUwFRWwDUAH25wOZMAqkA3qoCttNL7wqBfMWCan+3M/vwg0oLSeOymB86wOfidGNaMlRA7F6QFCRcEhjrw4iEtCYHS49tP0nhY9HioFAW4EeY+cIvgpqQXVUnRNUnYqIseV+EMTpgJpTkGD6fbvGTVAoE1bXIo8Q4CvR7hookMw4FugLCLS0vxZy52q79XgclGgqHLcHDHsYwVCnWSOfcQLDBwOYPZzEksSRdk2/0JjkUHzg8YuFSflBT7wWbNGVgNe525QJANS/BvnH0MStNQn5W5PzaMxefOaqjyA9YXDXBrxevX7tEYiqjtp8MVYjiIVyDhWrU8xwfWCkXIsfXUe/aFwWYaGp62aD5tNgO9yYwrpZ+dKRxFR0+8SsX5nvaLBN+H8wBdR71bq1Ys7W+aN9+2sQm4+axRfzpr83jBYkCqq/PloWmYtRVmdth9xZopNXY9h94oKnsIVSCzgnNQeGhA5h26Wgep5Q4MGmYAJa3Ww8BDElq5CCQo8KGHpciRNxEsNkTMSCUiiRMAylHBBWDa2YRPaQsYyyavHR6T+lUf+lk0ysoM1G1joO8R2eb/AA/jxcIDUeNWZ9GUGASXctQl2rQgGLJ+iqZRcU2i9dcrM/DypZszt0b94nDYQqCi35Q5fb18t4eR9PUqwBsHcEnzh/C/TFoU6klr1NHCVBrtrGDFVhCksUgF97cKa+kElyg4LCtbkOPWGZshQLlKg5ckO7nWp51icXIsczAAXo3uTwAjHEypbkMGJsLv86w7+EbACl221ttCP5QlKVEZncs6jzew4Dq8VkygKgkbkEi9y8FmtZo2KQ9LQtNHhpx7w7Jl5wRqnVwdK2+VhdctswtV+9DE/HO8cIG/SKqLsPl4KRTvFQgFQGl/cRRwt+Yj5x9IggW28zBUMSRz5NtAfxG94Sdw2GIQVmg00Ja4ENg0DMS16Gh46H7RlSJxJACArgH04v6w9Kmy0lvxL0P9o1cKZlV5DZ4KLDCZ7BkfqcKOuzPtc9oGhXicUcu2j6+3eJyNo2rcr9b9o5RYiwZq84EgLuo8v/kiOnWtx+doZxiKsOg4mnrAndi2nvTzaFkSE0bW/VnHzjC31JTLWBuem/UwykkEFv1ejQl9UV/zVf7HjYtGhk9JKMWQO0Q3aLfinkNBCsR/Py2gqQbW166wOWCSWv8Aa4gqa2uPS3rGGDFNX42iE6nd/nlDf4YWEFAuQCOL6cCLPxi6MIpvyqDFlBqsX0vYGJ1IeHkZmAv7Es46t3hGcunE15bR6bB/TcpcKdRDpQzvS2bkXoHNBBPpf/DIVPUVsZQJLK1J56AbxH5JG8zXjcPLcgEgAmpNtyel408ZhPwglJCznql0FJ8I/Td7wLGYAqxK5UlBACilCVUoDqSzPeu4j0P0nCYhEv8ACKggEFISlwsK/StRahJYXDZhTSHly+VX1kfSfp5/EQpRSlloICnCiynICWfvSNTCSU/hzFZUgiamqiGrmPha4BJNDWGsDgp2dlJVQBTurOUuEt43/LzDAWMauI+nomIKUkEXVlf8wLu3+SXBGjNHPny9To5mhPhVNWFagKSQ5rcocx0QpUr9aVBTBwEuBQUfKX7x0cul/ii8v7Z87EoqyAP8QtdNKeEAWa8ClypaqByA292NKnQa/vHR0e2zx3n1oyvo5WnP+GCKgFxXhuP3hbE4tEiigw1LFuwJ7mOjo5z2r5cZJqDIlrGbK32an8NAJplVJAHFreRiY6CIsKESvzJIANP1AX/0OsCWUUAmAf8AlfT/AKduEdHR0SKMAtCfxFTAwLMCrW1AloBiZDHMLF6bdS2vpHR0GNaU/wDyJjeFn5gc9YXxH0uchRdGgAqm7Ab7x0dG4jQlYXKllDxG4DcwHHSE1y2cFPY+sdHRUaCzpKqJGqASBsXIB4M1IMPoswpKshYXLob/AOgY6OhIuDXmlkH9OvAWPOCJRckOAkkj/VyR3Ajo6Iv1NcT4upPkD6+sDLCh0Y9g/wB4iOgNgc4lgAWa/k/cwH6h9OKZin3J7k+8THQ62eg//nqcpo4+GIGDIIt/HOOjorSewOE/vDVYF9SQ4LaFtqRop/4fXQBgS2Zy52LaEAk6i0dHRHK458+VnxsYD/h4oQCVCoAJagy1dI3JAB61jZThMwCWcBi5ZwXqb3od7REdHn28r7/vHnvK0yvCIzINgCWAftpaK4uQhaVJ2BBBoCL3FRSJjo42/wDR4+rYf6cgWBz5WBzFwHFBoWperAXi8zAjOSTVITmcCxHhNq6x0dF8rk1XC7cqs9ZSQVDwqYNqHPmCLwKTh8hUCbv7kNfj5R0dBfqoIicGsekdHR0dPx8W7V//2Q=="
58,MISCANTHUS SINENSIS,MAIDEN GRASS,DECIDUOUS GRASS,LIGHT GREEN,BROWN,WHITE,BLADES,4A,6,FULL SUN,"data:image/jpeg;base64,/9j/4AAQSkZJRgABAQAAAQABAAD/2wCEAAkGBxMTEhUTExMWFhUXGB4ZGBgYGRoaIBsfHhcdGx0aGhogHyggGh8lGx0aITEiJikrLi4vFyAzODMtNygtLisBCgoKDg0OGxAQGy0lICUtLS8tLS0tLS0tLS0tLS0tLS0tLS0tLS0tLS0tLS0tLS0tLS0tLS0tLS0tLS0tLS0tLf/AABEIAMIBAwMBIgACEQEDEQH/xAAbAAACAwEBAQAAAAAAAAAAAAAEBQADBgIBB//EAD4QAAECBAMFBgUCBAYCAwAAAAECEQADITEEEkEFIlFhcRMygZGhsQZCwdHwFOEjUmLxFTNygpKiB7IWwvL/xAAZAQADAQEBAAAAAAAAAAAAAAAAAQIDBAX/xAAnEQACAgEEAQMEAwAAAAAAAAAAAQIRIQMSMUFRE2HwBCJx0RQykf/aAAwDAQACEQMRAD8Axak5nLqJ4anhSLlYFRFqtqLU9NI9SguFJY6k0r0eJNWsFCw5DHNSjdH8ohsRXs/CKBc2UCKUdj+GPRgO0RmTndKyk8LO3JT+EeKXMUCpKFhKakpchL2zHR4plbSZJQcwc5qG9G/OkUnYKimZJKCNTereVqRqJO1pk3D5HJSFBwSQN16DkMx84yiy6gNHvyfVq0jdfDeBloQmahZImJrmDMpJ3m5ANpCnJLkuI2kYgiXLQGcBmuWbXi1vCPZEtJZ3rVkgE9Gtp7xQuSpHeTlcOBxSdX8PCBpdxehFqmITTWDRhm0Lul2T3U1UQl37zMK+8FJwa8yCCApOU6qZRWWDMN4M55A10iYfEFZQtJTnBqC/81M9AK5X8RBGGxS0qTNZDIJzs4zpNqsdXPWI3yX5E0LdsYhYnzHW5ClOaNUl24CsNJGJliTKExOftN1IVvVdiofynQNxgD43kZcQVkJSCpgkXKUhio0oCaeIgXZUoLmBJOUPch0gaEi19bB4qdTjueK+V/pUcOjiXiEZVdo5ILJAFCLHM1mHO7QRh5qpaQrOzrIBO9ZjoTQNd9YW4uSe1W4AVnUDwvXwh3h8GqUmWVS05ZgBBJuH8w4IrTXhFSqkEeWUyZoEztVvvMV6jKzP6W1aIVBKgErplY5hVsrM3FgnxjnHYd5ailIDkjLUgA1Ic1/m8hHG0EUlrQXJZyzsrLvPxHDqItpOOCeGMcHKVMUAHDnKFpFHpQ10r6QWcQUDswQcucOWDDKWJPXN5GAkbUOVCGSAEix8y+j+dIXT5hDioBepcBtHf9o5tjlh8I0bou/VOnv20BuePKkEKXmRQLeoF6ADMT5tThAUlQoogf8AUcQfT6RTtDFqlsw+UhwXJCg48WeLSt4JbpDILcFKkgqZkueLCjWF7ajxgJMxQWy6748xpwsPWOU48qTmQ2YWPWhf8pHa5Y3Vu+pAPBNq3N6/hzVxWRcl2IxbBRAd6EJ0FQ/18YoTLBWDpSv7atHG0FoASUkFySaUa1qNX2jxE6iQ5zAObaWL9Id/amEn0F4jFZELCSCKGt3dn4t6QNPxbB7kJAA6gF/zjAGNxtCCCVFLt1mJA6CBcTtEy5hKknJmISWuNGHQAxoovZgybNLJXvBVqG0HYxeQBZrmBNj0vrGc2Jjnk5pit/OwQ1SN3e4AXpekN8U6mYFrCv41NIlJpuy4Twe/qVDuqI5QbKxGdI5M1ebwnXiiFOCEg0Jq/nYC0ESZpGY5gHTQG7lg/Hj6RzylclaOhXRdMmkF/lcjqW06BoM2NtTsVLmAodsu8S+p3QOlzFeIMoSv4k+WlavlzpoNCa3ppZoQ9m5LqGgDEEa1B8Y7VdbmYSxg+hTNuIWcyZwSk2Bmyw1ODUiR8snkJUQwLcxEid6IszEpagplKIAoAn0p4RahQ7uhelzQmlDSOZKVFTIGYktlNvM31i6ZgFPlKSVFObkH8K29Ysgs2ftdeHzUGSaMqkq1AUCWqalLh2sowVi8DIxiwrCp7I5Zi1hVEoSiibDvKZzoM3WKsTJJlZVstgAlTsUVs3C1bxevClCFlFDlSOtGI8RCWnb3Ln5yUpUqFWxdmLnKKQMyQMygxcJBj6Hs1AGFVKQoJSjeIVUs4ZidSadTGR2Vt4ykKDAKU4AFKM1fzhGi+GNqpG6UpKSUklQtp7t4AxGsm1dcUVptXR3iceFqYBk2CRoKU9IpxsvszQqca/1ai+h9orxu0EFGITupdSEysoqxLrq9LB3rC79SsnKtWZN6ccrA+14Ip+BuSH2z5KVsMwTZyRZnYeJ9ucETcIpSUkkpPaBKxwBdiKNQ+8VbKwxEsKUtKnDlKTzpms2nnDQArWErSCQQVJzXTxBHDjR2imlFDWck+I9lqxE5a1TAjKpkAn5XLhTVG8/lyEL9sFKAySkKSgJ3Kgvdyaqp5PDiXgnmqUlOaW+8Sqzh3AP5WEu09nrTNys4bdtoHJbU84E1J0h8IUyZlCVO5d3ufOD8Jj95GfMoJDakJawDaX84Tz5gExikkFdGcdG5kxdJxUxU1BILHUAchQClRy1hyjaz4BOso05xpm/LloCokFjkcE2qcukALlpTnygqysWqzEvXkCGrWsE4I/xAlLkHdUxpUMx8xBWztnfxXJO8MquoOZ2sWD15jhEwpRE7sXYqVLoZayWSFLBAe7FmsBSgpCTGbQWgTUBVzl42Pp1h7iNmzAsdkoZBmzKupaXIY6gP57sef/G8+dJA3llZUNeAJuwa39ROsZwninkJvNoS7PnlcxAKRlAClNqEh1eLOOsDbQxYmTCqic2UM7gFtSdI0mD2IiWSkIAKkF3JFKW41byilWzEJT3FJJN2oAeL+TxspxROWgBEgSljLVJSwLXOUVHAVBEEyypJfle9AG8IKlbNzFO6rKVU5hgKaaAQ9x+zkITlABCQHrcgAH/bV4y5yyovJkNpqSiWCFBYUQABcmln58eEVmXmA5iraMWPV6w3kYDMXQE2cgMw849wuBQRl3gXpTLQ/nGItRRFpsVYLYiQosxAZq8FBXd0cgR4nYipxSlKQSCcrhma9/D0jTzMMWbNrXS/BoVytoKlTtwhkqcC9wQ3OH6uU2JNStFx+F1SUGYtbqOgs55nxtFeICkhNwlF63YUZ6nXyh1j9uKnZBlygO4GvA14cIS7QxglC5JKXzal7DkavyAitWUW8FaceH7iqbNeh4W9+tYWKxxKkpsX7opqwAs7/WINoqmJQlyCxQpg5qoPTi2UCHcj4TlnKvtkhbMUrCma/eS7nqGqesXFR7NvqJp54NFPxUkJQheQlMo1zJO8Uks3HMYyM3aQqAL1en5QRRitkpVOmJQQuakAFqAKJLMWGjescp2Di5cxJmyVpS9Sbe5cxpPakY6kGqa7C04RTAvcPca11ESPZjku/rEjg9R+wUK0oQgFIAB/GMT9UxGdimgBDg249dIYS/8AxriFEmZiQGoQEg6anN+NF6v/ABzLIyrxZZNd3ppSO9acviOXd7iczUhyO6/H3d6QbicOpKFnQJJ8nMEr+BsMkF501TnUt9IImSUiblVvIbjVjURcNNxeRp4MTO2lmQ7Cgewt9IKwGLIRqSUFtQ5FH4gXa0baQrDSA0tMu3yoQbDioA8oaYOYiaNxn1TkRTyBiZQvH6/YJvox0vaa5MtcpKUzpWcIqCpSnS5UOAdw7GzQfhNgT0pTKcETDmcXLAgEn5WfXyjRGRLzMogHhlYw2VLTl7GZUMwem63EPpEbKNt+7oSbN2atKEOlwGdlHfcFmqagA2/mhlNlmWMwSAEGmlKPahBH7wZhcGJaQhLBKapSH4+14MQRlAVcg862b84Rm/7GsVgR4pYKkKSSEzUsw0ULOzgVp4RbJWmadAUptclxUn284txstCRLSWCMwHR6JPXMwj2Vg0fqFLBZQcGgq4v0htLkeRSNhFspU4IYs6SQxoSCXG9HWP2dlnvmISzhBO6yUsGGlS7vGi/UBWUoLtw1EL8eoqBrUjKBdqmwBFTSBt2KsFeD2U4KrFKqJGrAUerhx6R52bBQq2ZRfgliCzafvDLZ08pDFnUC3iaH2inEoIUUgk5Uhy9zdoFa4HyKNn4dpgSR3WUFcXe/l+PDCVh8qCokOa35WfxJ8Io/SKQl3JdnLVYAC2gv5w8kpAl5aUoAOn29oh21nkFHoVyZAQ05bZiwAdwAxI8XMCYQGdJWTvG3mfHgfOGkxCVoKeh8q8Y82ZlloIAAKiQL6UBh1kPYC2HhVEOpNUiwPpWzUhicHnl5FCqnKreXlTwjiViwnMo8W8BeOZCysKylhc9H9YKrgEsF2ztmy05mSBduZPPpCrH4Fa5ruwYAM4bx1hp2uZO6/wCwpHsqcAzjkAeOv51hV4JlG8Cc7PUxZRID14wkx+DOYlJFHLhn6DnG3mKzJYB4Vq2aS7hqvYUHHrESh4Mdrg8GcwOJUBlUDSlh5mCMTgkrFWB0LQcjBLIKhLUwsWu/DjFc7DrSknKocISUmlSJUpRdoWbO2QlB7SmbSlnv4u8MF5g50Fy1BVqnSsXjBTNEnxgTHS1oSoqSWCSrkwBh1J9MUnKTtme+FWWvEzGDqnEB+Q+5h9jsQohMsk1qwNucKPg3ZazhEL7JKu0KlAlq7xHXSK9o4oy91TpALAMWDmpHAc+UP6hPdwb6a3c9HS2e5PMCJCv/ABFIpmt0H1iRhUjX7TWE4k6s9WdMDnBzyXKjw737wbn6x52nWNvXmedvFy9mzDpTmoRdN2ctpdA4DGvM/Qw4wspK6BSszVGW3qIsxGzJiRmG8nUjTwi46k1lItSlRnJWwJqnCQknrDLZHw8tKhmKb1YgtwcRodm4RKSC7FuR600EFYtSVVArxb8aKjJtZNYxbK5mEIWFqIUQzlr0ZyOMElIUH4GvXTwgSXPdw+UjkWipU/KpvzwhmyC8ViAkC50ZuPGKCjPUGxF3pS48YsxKQtNCxZweelYVYXFkHItxUpU4b+8Sx3QdjsEVJcd4adCPOFU8zApRFCKseQ9mpBGH2whE4pmFg7P6fnSCMaEpISdDmSXuP5XbhBudFWC7ExBUkJWCFZqUYM9QPA+sHzcMHtarAcLVcaQDiJYSoKDiuYEF+o+sEYPGJKpcyoCklLcKU8YE+xXgZ4hSASnKXG870DePGKRMUlSGDjO5LaZWppb2hbInmdmUkjMQw4VJb85xbh8S+Vy57pFmYU8Xcw1JodWWYjHAKyt08KO3X2giSsKcB6M5PMfnlFGLZKkFqkZHFK1J9YkiYyFFVg7cz+P6QPBSOpqwnKlL1PeNyT7chAOLn7yspPAeV+V/SAl40qmByx0B0YekcYOWVLdVEZqHjbzt7wrZl2ekkkgmguWueX5oIalCUJCR3lEGutAAOj+0JcTi+0mGWgbo1azXJPChhxicD2YQSreIBAAcjdZvzyhJspcDJgUkBQFer/akAYhbryDTW14HGNdADGw93PrSABjA+tTo9Sfz2ikDZpsPNSAwqBQnSPUpS5Ny+v2gCaghCSWSHoB7tF+EJy1//PXiYKsTYZNQFJYqJJ9PKEWKwSrZyA4NQeL8YbSUsTXxGsc4tjUsws584Jp9Mxmu0Z/FYGce5PCeFLesZT4j2JNkyFzVTwpKEmmU67rCvONvOTlvTr9oy3x2srw4lJr2kxCacy/2iNOc9yRmpy4Cfh/Z+JRIlJ7VGUS0sli4cPUtWCMVsuetv4opzP2hsFAbvCJ2wiZakpMFqSRn/wDBsR/Oj88IkapGzMQQ4ls/FQB8tIkXt1fA98jOnD4oXwk7wykeiorm/qASDhZ/gkF/Ix9KJ/t9Y4WRYO+gI+sb/wAeBHpo+f7PM5RymViEA0LyyPOHRlzLS5s1JHyrlqHrYxqESVM5LHwjmYSQ3rE+lFcGkYIT7KzNmKN6yioZXro39oInTimoSG5aeEErJFCR1gFeV+6QdFBve/nBSNkqRYci0vQt4awvxWFUGKe7Y0NKXHEdOEdImJlFzmBNGIt9DHE6ee8MqkC7G3VOlG4RDGXyMVKWlSUllJopJoPX3tAypSJihRTmihXhQircIGOMSQXcF3BSaUtVnHi4imbtMBSVOU/KpBZuqdQTyh0UC7cwCh/EScwFFOGKdKvygDD7RUZaA7lFnv0DiljbjGv/AE3ap7RJNbpNM1O6tx101jMbZwxCkkAgKLFLsyn4hxUP94VBWS7A7VGbIoliQ1RQFgH6giHJw/8ACXlZw6mHEFyPRoxE+UsKOYhBINSbAAA00JDfhjVbNxnZSVKKsyF7wXS6SAoEXFD72goEdbFxICCdGoOYL3vHKMW+IGU800JcEXe37Vo0K8VicsuYEfKd2tWUBR+X7RNkY0CfKS5NCFOQdNOln5QUUaDaiB2aEA76q8jmcX0NPeBlzyiimpQE6U1gXD7XC5ZcMUqUizWKjboB5wi2ttjKlkkqWKVFATWgsTBQSaR1tFYTOGUu7sCQTc6itT7w8x+HUmQNQhOVk0dWpBOg5axl8BhZkxSJilkEKDuKkM5L8gPOG+1tqS5a0lRFAyQfl5s/Rnr0h1Rku2N9hSSmTvnI7qqznqOAb66QTgsOokkneUHJckpBvUm9vIRnZG1VznKGAol9eNeOjCNBLn9mkBLk6sTU/wCrX0EI0QdMwoSEpljKLPYgf014fl45xIkYYFSrAbqelr3+sDzNpEPlzKWaFSQGR/pBIpzvCDaODEwlRWolJ1HGrhrn16Q0hMaS9qJW6+ycjutcmwTU+ukF4VExQGYAciSG/ObQu2eBKSGmZEtXddZ5OXboBBMnECarcWQkXLM/n4CBIljFCVE5QCOmv5x5wR2Ao4I8QB1MCoxaQL1Bqwc/ePUTQA+8o9Pxo1VEtFWNwawt05VlgQlS25nRzxjM/EEyfOxGEkgSxnWVJAUBmEtifAMaRppQQVuxUok7oNEv78NYEnbERLny8UTOUZSFJQhICgMzuSGKiS584cYpMlxO8NsTFrSlaUS2UAoZ1qSajUZC0MML8PYvMCrsQHuFqJvwyR1s74qSpeRwKhIlqOVRJTmzF+6m33jSy5jhxTeZvSEtKF2jJxSO3IoQIkXZvxo9jWxi9Q4AnwtTjFbEVDUs9I9XNZJUXs4HsLRBK1JL8T+UihHGcs5Ntf3MJ8TtMKVllrCjwTvf9rCA8VtXNOVKABZeXKWNrkDU+1Ib4WQEpOUAKUX4cqkAAtGE3XBsk6AcOmY2YpIHUR2MI9at096j6RJoWsjM7A8yVVoenXnDBFAxoGuGHppGdspCvKlO4tWdPEPTqNR56QFicFLSrPJKkLPzJqCCNRqI628uZLHaJBUA9Hd+ZI4cxGRxO3ZczLMBWlYslBJBbiGOXwpB+R2kaJGz99Su0dZDFJDIBoSzB+FXIrCzHbVSlRSqUCNQ5/6t3TflHOxcd/ESJxJS75t8AVoAQ9QmrG5c0tHe1OxmrJlrYjiACT0soda8IQw5G0yZbyJhKsr5FNvANcccobSFqviLtAtCklKiKKy25edPPpFk3BCYjMkbyfmljhSqag26hoV9iuYpRYKIDljWmrM3VuNoTwVZ3t3EKUEZTmSRR7pUKKFdCDSFxxE4SyhiUkZhWlQxbg4Lf7Rwj2RNzqUGcitqh6Fjr+8HTccgtKXJSlKUjKWZlXIJeoJ1uNIfJAolYolxcgAEHVlEj3YdYdfC0oKnIK3SCQDvAaMDr0jzb2FQhSVIAYyy6gwapYG7morCvYeKQiaVE7opV6MltOVa/wBiivA62+UicJMtKzU7930L15NCfamETVKiE7r3qDp4l7aPo0MpcmcJf6oAlKVspmd3DBrwFjZyioqUChS8xAb+o6cvvDRM8sd/DeOlyxLTMIygJQkv3lK50c2AswSOMKsZsteJmzCiU4SSAbuBQ0+Y0d+afBfJTNUtAQgrJLIUQ9QyqaUoXePoCc0rKjP2aU3UE1A0Acd4l/N2h/kErVCyRslWFSnMAWs2hZ7D3fQwXsEZ1KmFBmrFAADlpwNgKP5Pya7R2uUoCQjMs1ZqJFLvcs3jAUzFqqhBCppskhWRNXNhU1v4dYNB2JK1J/ipCP6QPfSzQh21Mll2NTQMSWYvoDlD8tIKVtFK05BMWtdnAA8Bw8usRGClIfxo4SK6kga/SGrYmKcJs5ecZlqKLAJqC/Emnk8NSjKliAAdA6jxejBMEgIupQSDYJzGmlWfm3OJMxaEulCT5feGiQBeLR3UhuJyt+8V4ectLgAAvQk5r+QHSBp+JcumWkDjldqRfg1I0UQXqaJYev3ikyQ5CcoK6uWdWUgecWDEOllK5UP7RzgZSM2ZSlTOBUXA/OcHLygbqW5bv00irFRktpyZEpaFBJUtwlJJU1S2W4ALnhB2D2mVEErmMFAtnf5hYnUwXipcqYoZ0AkWJUQ1rMa9I7VgMqpcyUEOlQOUqLHxaLDBr5KlFIJSsUtmB9ReJF0qeMod3arAjyDRIoxBFqzJIb0f3gaXNUaa6ilPWK2OZiPl6ux1rHRShnSovySW6Fh/aLEKcXsrs1qnSwStZrXu2ClDqBBf6iiQEki1BU+cFYY/8tXuIEXglIUqYgHUkCjnq7/2jHUSNYPyFpUkd5x0c/RoXbTJIOWYlhdKx7GOpGPmKoajUiw5DWkAY0SSd5TgVUH9/wA4RhZqLJsybLy9mlKk/MHIHk8EbM2WApUxMhAUqkwgkitwE1YFgdTFWK2rLc5FknRNRyuaRTL+J1ISy0BtH18Q/wC7QxBG2diIkNMlApbvJDsBy8OBhNMQJylBMtHALcBRZ61+scK+IDOfKSnQMT5OelhAU2arPRYGajuEvoa60hMLRpNjYfsCMwWFMxo96aEtx4esVfESUiZnQpLu4KGFefBxcEGPcBh1rSJS09x2VmBZxT5q1JpHe2ZcpCEIAUqrFbB9W0dgetoC0Y6QrIVFJZRdwKEuQxa1BodWvDCWF4lhMluoUzkkNW3RnIe1YV7RBSpwHWKpP8wNq8eUX7KcEFTBDvepykk2rqnwECRBRtWStDSVO6Wah7pDgitQ3W5Ee7P2LMUhayCneSEuCAcwIDOGu3mI2O05EuZJlrmFiEkEgvumrE1JAd+h8idqzWkokypo7JYIdZNC4bLqOHidYY2ryZ3ETVy0nBtmllalL0zqcJISe6Ep15g8YDxmJWVLV2bhsqQTlcPZmBAFTxLvrHGPUUFaSAFFQdyFUI7waih625tzKxMgYYm0yoVVKglPEULkktzJ4CjBvI6+FU4hZyhRlyZaSok2cklq0al73inG49Sl7zlIqDdy9T1hFhNrdmMqXAUBnQSN6tEvQBtRTkYb4fZRxMhWJUoIKQsiUTcJuSAxSnh4RNMawNNizhiJpC2QiWx7zFVwz8Awfqwg/EZ5y8klMxCXJfIU5gCQd+wFjWltaRjdl7QGHWCGOpQ4AWGYZuQNf3h+PiqapYcIlJBHzEDLzBa5sAH84KC12O9r9nLkhEogrPzHMWIahNCxLC9WEJTtUoDzElIAqrIok+ADDW/rF69tdrMYJBlfzKCa8kpLluvHSBNk4IIUpUxfZoJoMxJ4O1kvro7w17ifsM8Bipk0OAoJu6gUP0DuR4RWMNOll1LDcVJtyd4YI2XKAdMxQza5iX5lRJ9tYT4xHYLzdozHe3iacWsxgsTXkZIxQBOaYCPEnm0AY9EtQOWYH/pAFdS7sSOkB7InTFH/ADpa08CCX8Cmn15QynfDyVHMFFL1IABB6u0OyXkDwE1SKDORqSQYd4PaSScp73AN60gXBbO7Mh5qjyAPu8EoDElAPOgB94aYUB7T2cpbqluNQzVu4paG+w8J2ZQxWVFO8FoBSG0B4xxhVF605kfWGk1ZIYKA6D8MbQZEiYnbM3McgITpQ/l4kVFatG8hEjo2mVoaScVmSFDKCQDRPEeMDSwUgEuzkMzPvUrpHs4lBQAF5XY2PylqCsTFySpJASp9HpXQ1MZ4HktzPWwHnFK8QRUpo7V4cRxixS2d7txhGrFlSqBjrRzfR6OeMc0uTePA1mTSqgGVtaQBj8DmSd5z0H7+0DT9qgOkUIDn5q8/GInahZkkf6RzNCaMPzpEMoUzNhhRoV/8b9KNFx2QUigl1/mClGg0SCwD/SGwxYqMyQoCpILB/e/HyjmTh843JiQTcgHTUWe/5aCx0Z/FYdCBUJzXypZJ5UHH6wjmYWdMUyZKXHIk9MxLnrGs2jglSg4X4kih4mrmPThJYTlUQXSMxKiPKjfghCoz+EUZC2UsJW7ZQyQkHmo5ia1uS45w8x+1JKykAJUDulTkMwuGYWOkUYqVhWZc+YtqMFZmrzBLXHhBMrZ+HErtUJKQmyVHvnioVs7PeCxqzP7T2fJyZ5KyVDvpmF+YIPyvZixMKJUtS2QJbqAKrs7hvIAF+QLQ6xO0RPWCtGUA5SArM7NZBDGh1g3D/qJ+KmTpaVFKCkBIITLUGZtA+U2LGo6w0PBksHj50iYn+GFF94KDAAuC5ctQAhuHOLztaYQSXa/NTlwluTOfLWNZP2Hh56lqmTFSR2blCWBCgC53gaBrD0j5tOkocsSWuHqAa1UaB+V+UMV0NcbjjMyEDMQlqEZrlyLNThHWG2NOmHcQVUzKSzndYZm1Id+D0qbL8MtCVMxKjRIGYAUOUZncuGsB1g3Zm0p6ZzpUEqyspCdQx+VqDhpQQErkk34dXlE9aZhlJSc1B3wtVCLNYOSPCLP1QTLyAsVF1VBLcLihBvqKaCHW3cYvESV5M61ISMwcMlJuoi2YJSz8zwjH4MMQoKDmrpINWeiiSadADByDdDVUpSGJRlNq7pblQk005R2lQSN0VKmJINBWo5m/Glot/wAZnLlpM51p7RyJjKGUbxNepIIqIATjEqnI7EEqpkYFTkF+Zd+I8oEFpH0LA7FEqWVIkrmLUH7SZRnA7qCA3jWMhi8dPlzCJgBKTVLBI5FOleph4vaOMASJjhZUFM9gx7wDgJs9XpC34kKJsxItMAYltNBmFCx0+tYS5G3jAfg8UiYnMc1RqbeZpF+OmFdVJSpI7rXDC1TekIdmYRaVfxHSNVJQ78ywLRqMNsNKgVy5uZrgV9Py0UAnVgJUxjLUpKgap/b7RZIxuQlKiXFAbeYq0W7SlTZTLlS5a2vuuRzYDN6x7LxoxCMkxCC+qbhq/gMBPB3+qnK7oBINwQDB0kqNCoA8FD1BEZuSVyphSMykvTeajcOPShh3/iIZOYFL8QB+HlDQrHSZC8rnL/tLi3nBGHW4akB4KeDQFj5f2gksGoX/AC3GLhyKQYkK0SPE/tEgZJcPmPp9okdNmVDhU9KmU61C4+XTwgQzjnUDmZgzOrj4C0c4N8gcgAOHNSwLA3Gg9Y97IOVZyS2jN4MPrGYyrG5UdxIK1XNBT72iqXgTlBUWHBz9PwxTlqbOCarPiKa0MUTZxDnemHowt4UjKSNIl0/CIVZOYAXX3eraxJOEASpSwXfgB4AMOv1gYYla91KcoDZnOnhr0/t5j9rjMiUkOsi5Bp/tH1jJ2WgLaZdqMBxLeGUXiCbipid1LoyswOU04wywq5Qcslcw6kCum6OF6/aL58+dlIBCS5DJS/SthEFGYm4qaV5VJCQzM4p+HgCYBx2HJdSll+W8G6sAHhjidhT1KJUpQ/qU3okV9oAxmNlSk5AFKWAwJAFAGo9eQvASzOYkq7uYBFaOA7+LeJizaO2Z6kpSkboDMVZR1LHet/fSjErmKBWQQOJUfT8NoWdqVZt4ilVMBqLG9opIhyoNUuY9CWo5UWowJLu5fg9crMRGv2ZtWZ2RlSUzJeZ1KUahin5d2hqGYG12jFS84FiSQwrX/kbG9tBrYMMLnlHKlRSVZQcjuqz8VXpp3YpocZGk23IXLKxOdecZQtJrqW4E0NAw3uUY7FTM2VDA5icpal9RVtXOnt9G+JcPLVh0EEhnWolipWVKmTmNqlgKUj5shZ7VTd3LmSw0oPFqi8CWSpF0mYEzAlABZQdRbUh2HS3QPDqViZMrDTd0dqpsy1ByEqcgB6jdyilNOcZ+VJZiaFCXKRXkA/ImnHyjjFLIQWO8JaMozXSUJB+t3qnnDqybo0mwcfJTJmImYiYhCnCEpJyuXIJmDe0Y5qbwFdAU7GmzpykpUAlRbMVABJFjwYsTQanSFewNknEZ0JIUkAKykVIfvJpVSS27rDLEKMoJkFyAcxUQRU8HqOLka6QNUFqsg+JwU+UQlbpSruhQYF6O9lEtoeEF7HwMxM4JzIlFVrA1qxyhmtflDX4fxMyYTKM4Sx3gkVJJfutQdRxdgXjvHFU9Khm/joIylQHBiEqysc1Nbu2sFhXYHtaXiJSimYcyVO5c1D2AdmZzfhQQsk4woXmStaFA3G6fIFlBo8OKUpOVeahqCapajcmL2pWCcNhZSy5mZGLFKkmnkTDom22ajZ3xElYSMQjMXYKBAfVwWFf2h0nEy05lIWwSK8RwLnR7xn8DsJE1DCY6SAU5aaaHi/TSO8Bs0pzJKysMys4Ds2o8nvpyiTQHG3lFXcK0m+YMQbHwIr5vGd2jjeynboUUl3yjSjA+rataNHidggKC0KKSLOXDDSJtTZImS86Q01OqdfoxrD7Idnux8ZmDpWq/iKWUDUGLMRtEJUGACiC4Zs3AsbGBNiYlKtxQAKaEEMRDCalJUM6TmFlEO9bOLiAZZg8WFUL+VYcyp1g/5ygDBSpZZix5fUcIImIyq1Y6i3D1EUgGPaDVL8wIkApXMFAxHFxHkdGxme5Gm2opIkqySWYOHyhmq7B7RWrF5rP4BveLcXLWtJASA4beP2eF+M7SWkbybpBLE3IBN4h0Cs5UleZRAoQLlrO7s/KBUFSgczJIJDJq3jR+NtYZzZLhnPmBCxEnJMUkEsQFB6lzQlz0TEtlUUKk5DmJVZmGrn7wIBmUwaWl6nW9A+p5WveGc3DpVRRzdS3oGjyXg5Sf4uVyDcJqTZh53vEtDR7KwalkhO6NWv4q/wDrF0+aiVuglS7vfKOJ4RXjccUkJsW7osKcdDz00rCjFzgskUUE96pAFfmIvZvKkYtGiYo+INrqUSlCjwUXBNNBp+cLp8KmWCVzg4qauQ+gA+anGg5w2Vh+0VnSAAaJoyUh2JSka87+UA7X2ad1EsLmKVugCgrrqTTpYwkRK2Jdp7SVPpLQEpBYWduJVz6gdWjjD7KJLrVZsqW9xqSWLs1PLc7O+HJCEn9QruVVkLJS2gN36fWANoqCAuYhASKhLvT+ovV205iLVht8mWyIkZmzLW9VNUk3bQN6OwaLcAmatWYBScozMBUBLBzdgOdnhp8HoRMWtanKZKcw1zHectyCTTioRrSpKZ1kIllCipgKilVEBySr25wmNKzG/F20GkJQlW6osCBVTEglIcUJe33jO4KclKFkAumhU93UKA8iDyqYP+Lylcwze0SUlikCuUBOViA4A3SfGFWHlZUJlqFCkqVXjUDnX/2MaLgzvIfgZhqo1zFhU1Jfjoz+MV4nBsc1SSADoxypDvp3Rwi6TLZEt7lQ8yX9KesafD7EJnYlNCJdCGuCHA6j6xLKq8GO2PjV4ecopSKpUkJNGzADzrB36vtCVq7qy5Gopqw4+xhltv4ZWiSiYRvIUxUKuihSojg27yodDGfxMpcs2IcAFNNXU401HLwvSyJqsDwbAX2WfOhaS4YBQWhiNWoDQgvQkXvFmxtoKTMDlSkpIRMQpJVmB+ZtCwuYFkYxaci0K3kgEXYtSofUeNTwh7J28jEH+IlKCpORRcC9i+laa+tFQJoU/EUgdspUpwmgDAaAUZxxDH9jACN6qSym6Wp5iFmJWtExWVTVY5CRcvrzPr594TFkbtQWooUvXobw6oWGM9kzsSjNkOYJJLJYkV+ZF21oGFWhlhfikKZE0PmDZnYigfoXHMW8KMLgpqwlaVBMwMUqAq3StLAtaoizaeze1UnPLCZhsRQLIrlfuuRUEkENrCwysofyMWtCc4VnRS/kyh8pt+Gl83HSyWSyVM+Xx0/OEZ3BpXJBBUQHbeHI7qxoR014Q3ws0KOVaRmGhbzB08IChX8QYdZPaSqrbeRxD+vIxJE9M1ICgUlqJLg8D0qxhzOwssiispTZzbl+PFE7AgsSGU1Dr+4/aGlZJTst8ykuxHtD8lRGVQploRX3s30hfhsKe8e8GILaKDOxap8YZHEBNL1q1WoeH21jVQoiytSgNAaCvh0iQYMLNPcO7pvD7GPI3Mx0vGrBIKrEigbpd4Cx6syFPUsSl3oQKNFeDw61KWkGgWd9ZqXAVYcyRpBytlu4VMJBuwb3eMaRabYLMxi7P5CAFzwFOVMbVPpBuPwEtMs97dH8yqtVqGrxyDLTYD/aPtaHgTbBMLNHaLAtRVQQ5Zi1OQg07TQHchx3U/UwDi5YWpJylg7vRw1ujsfCPEzCCwShKW0FSfYUr4REkUnRWqdmtnc3JFbsD9fKL52DTlCRRCRXV2GsBzUFSgA5JLCp9rQZiFhlITVKRlJ9/H9oiSZcWVy50tlKqEAahiRyBZtW1N4yOJ26orzpSEpBon+kB943uOlqUENceVqQ6iwfyHE8aMIRydkqWctWJDnkK/nSM9o2x9svEZ09qokS05lAEmqncq+gFamEG0pk7FLmS5KSJSGKza9XL6uwAi3as8oAlS6ISMtau9X6l7+0WbPnqkYSZu5lLUa6hgyQ9y5zHw6QVQm+i/AYT9KxPeUyGBLVCjlbgE1KtSR/KIK+LNovNCEEDKllcnNj1N+kCqXnOGcuSSlbAu7JBLeDP18BdtSVTFTlDd3kpHSpIhpWxt0jMgBaXIYajkVKBH/EDzjmZLzrSgaUfgwsfPwrB8vAsFC9Rf2gtOH3iqx+/wCe8a0ZHeFSlU2WSyUpJI6tu9WIJN7RrdnYtInz5md8wAAe92LaUo54CMmnC5qNr7iCMNLyMQenh+2kJxLUjbmaClbEFJAUOQeo8/cxkdqS0rRkKaoJKKAMkHup1yih8KUpFiJ8xIyBZAtxuXaOk4UkhT1s/Kg8mgjBhKRnJWFKfD14g8qmOk4QuQxyrBB6Hj46xohs4xcNnsbGNdlmd0YnE4VRW7Ek68aQPNwChUUCgGOj9D7e7CPoidlJV8sdJ2WlilqGtteIgemCZl/hLaoQck3dS9FHuvxH8pjcZkLRnSxBu2tdfvCadsy4KQRw/LRbsbZ65BZKiqWrQ1aM5ab6NIyHCsGiYjKuvA6i9+MIsTs/L/DUSAP8tdXS4seXI8rM8P5yt0nRqjh4XvAk/DrzMSGYWY8w2mkEIthKSQok4KYSEqV/SVVNKsafWDcKgKAALgBgWPG7U0aDhhmWWqFMCCwc1oRmqQ/qeMcnBFwN5w28AeNi4fQesbKKRnZzhJQzHOkKBd2oSRY2pf0gydhcyQpAKgxJCr2Yit7A2j2XwckoNj9RqA1+d6xeUgbys+Vw1SQx4iymVyNhWHQrKexUWO6KAMU8A1acokWI2XSvak6kKSH8DEhiCpaloXMSCDZRYcQzX/pfxi7tFKFT4CkV4XCqUpayogrVVgPlcBn8YIm4JJoSo/7iPZozKsDxS0pDkwHhZm5mILAkWP8AMwpzp5wzwshISAByJap0rxiYiU4KbOIYrAlSlq0Ycz9ngfEYNaVJqGY0A10DnRn8od4BlJCuIBirbM5CJZUpQcVAcVasSVYtw+Gyur5qsbtpR/ynOB0g5jLI3biuouD4VHjBMnaBV/lS5k57ZEFvFRZI84uRsDGTVA5ZchILjMrtFeQpUf1QNeRWATMPycQvQtMlKg7klpeUFRq4NACSQ3pGuT8GJUXnzpk3+l8if+KWp1JhkjASZQCEJCQAwCRC2phuo+anZE6a47LIk6zCx/4ivm0E4b4fUmhWo5hXKMop0r6xvZktLEgaawNPw4LcrRa00TvMfJ2MErBTdILDmRQ+ZfzjxWzlFBDXU5boAI1v6ZwYGVhQLe8N6aHvMhO2QU+Mdo2eLPGpXhQW0bj944/SAGwPKHtFZn0bOPCJN2YSaJN+DxopWGD0pFnYMpobigTM3J2YTdrAt+dIKlYBQLs9G0h4rDjhFwlMKQ1EHIUScHRjFicJDOXKizsIYrF5wQjj9CIamU0eGXrDJF4wbiPE4VtLwzSiLUy3hUVYsl4EGhtAuI2SWCUAZHOZNiH1S3CsPMnKLAiChWI+xpWpNCdaDzqwce0DyUOQFuoGlmNLEgmh7taP4Expl4dKhz4j8rC/FYNYbMaA99IqObcRWur8ollJiyWpmKqkuN1mO67953fjSrR1iZiHBKVOWoQz0BCufCmtnERGGImUdYaulXdywoLVrcwROWopCsqUh8tZZYvU5g9waNTvawrGBrxxJJQU5dN1Q9OsexFYIKr2YU+rrD+AIHpEhWVSHez+6f8AUr/3MXCPIkSyEC4PuDx9zA+NO6rofYxIkAdiHET1DCpZRG+Rc2zqp0oPKG3wJhULRmWhKlA0UpIJFOJrHsSH0M2oFoujyJGTBAOIUXPSBFxIkbx4IOTFKreESJFiODrFTViRIBnifzziBIj2JCGUI+sdzRvRIkPsOj0/nlFqBT84R5EhiOk3iwRIkAjpVo8iRIAPU3EWRIkAEVHIiRIAR2DBYtHkSJYGbxyyJ6wCQMqqC3dTp4nzijHf5av9afUl4kSJXZo+jjZ01RlpdRN9eZiRIkMTP//Z"
59,SACCHARUM RAVENNAE,RAVENNAGRASS,DECIDUOUS GRASS,GREEN,BROWN,WHITE,BLADES,4B,13,FULL SUN,4AAQSkZJRgABAQAAAQABAAD
60,ELEOCHARIS PARVULA ,HAIRGRASS,DECIDUOUS GRASS,DARK GREEN,BROWN,BROWN,BLADES,3B,15,FULL SUN,http://images.midwestliving.mdpcdn.com/sites/midwestliving.com/files/styles/slide/public/BHG146083a.jpg?itok=-6M3q7xJ
61,MOLINIA CAERULEA,PURPLE MOORGRASS,DECIDUOUS GRASS,LIGHT GREEN,GOLD,PURPLE,BLADES,3A,13,FULL SUN,"data:image/jpeg;base64,/9j/4AAQSkZJRgABAQAAAQABAAD/2wCEAAkGBxMTEhUTExMWFRUXGBoZGRcYGRcZHxoYHx4eIBgaGBoaHSggGBolGxgYIjEiJSkrLi4uGx8zODMsNygtLisBCgoKDg0OGxAQGy0lICUtLS0tLS0tLS0tLS0tLTIwLy0tLS0tLS0tLS0tLS0tLS0tLS0tLS0tLS0tLS0tLS0tLf/AABEIALcBEwMBIgACEQEDEQH/xAAaAAACAwEBAAAAAAAAAAAAAAADBAACBQEG/8QAPRAAAQIEAwYFAwIFBAICAwAAAQIRAAMhMRJBUQQiYXGBkRMyobHwBcHRQuEjUmJy8QYUgpKywjPiFkOi/8QAGQEBAQEBAQEAAAAAAAAAAAAAAgEDAAQF/8QAJxEAAgMAAgICAgICAwAAAAAAAAECESESMQNBUWEi8BOBMqFCcbH/2gAMAwEAAhEDEQA/ANeerELuWB/5JZ6coIteJN9Dyz7/AJhB3D/P2pBkTGVq5Ij5bnZ9HjReecSTkxSaXAB9Rfs0ER5GNxvfn/AhScd2mbhuLP8AY947MnkM1gfQmsFzLxNRRwoNXqSXpqelvWL7PNdJbV+juLxmbZOBQoKIAw+hFR81gmzLYU4/du7QuYeJqKmebJyQ/Rg3VIhbZl0fgNL1FOkC8TeY1cA8c3tyHeB7OWc9WjnLTuOGzs01hU5t7t2g8qZQ1/V7H9oyETSQeAJ725f4i52hw1qHo9Pdu0PmFRHkzT5dT6Z+0WlLox0pCEqbV7f5EEXN8zmrHu35jlIjWjKpysFDm1ONPv6QaVNGFxoG5fj8RnzJtgMiBXRwPQP2iSZ4FDR3Ha1IXInE0JM3COQL9L94ptO0hkm1lAjNlAK7pMJ7FPYqBObjow9mhebPFJYNas9aHLoWg8hKJuO1DoPtFZE/EKl95QPQkewjP8d0KarpYO+jVimzzjvHUhYGgKQ4/wCzl+MdyOon1Cay5ahmcKjwGmjse8OzKqlmtFO/cfOQjNnspg9iLavfsW6GLf7ujjQqHqIikJoc8Q4JhFyTnbdAIhXwXBWfMpks9AAT+PUxSTMdOm8fUu3qYT+obaoIINghuas24B/aHzA42CVsczEV4gH4vnWjQLb9nmKYpUKVI+w5sIYE0rUxBZ/M92uwyEa+yfTpS8AOIE1UQW3QDUuLOU94abliM3GKWmZ/pafMlLIm2IUFH+U0Z/bhGrtv1RSfFQDvguAf1BrJ1yPWJ9RkjAopLkubgk5JfizR5Q7OpsRUHBN1drPQDLkIPkdAitpApn+o5sjxEBiqqnzCaB3z4c+ME+sf6kUjAmWoAJSgqN3URX0aMzaZRKZhwgFQADOaUFTSlUgdeqO0fSyJYYVKlNxoABz3TBSJJyu0ej2b/UipksYnKsTg2erDlYvlDf0/62VJUoGibk+n3MeaTsCgKAv5Rfyih/7Fz31i8rZ1h01wDeI1VQV+ZQ1H2T8qPUfUPD2qUPG3gCFCv6h5fvHn/wD8W2Yl0gkhWJyXLv7Whj/ZqTLUKtTD1I+0E2PYljClPNROpt9njrfoqv4J9P8A9OhIIUAav1pY5MQO0XH+j9mpjDkBtO+vzWNXYZcxLBXtb94Y2gNoc4ylz9FbMxH0HZwAEy0MLOhJ9TeJB/BCqlQcxIFy/WMRl11ZuB69ni8uo6E+v4heWWp1/b2gqDRtYyvT3NFlqLX/AFP+/fjFML9z04ivD1i6y56V71+1YHLWxrw/eDJlSLoU9Dm4PrSCS17zZZ/MoBLUHHP0Nul4Ik2ez3i8sC0EnzNDatDygxI9G+d4SC7Xtf50hsLLn353b1jr06sOCdhxEO+6D3/eDpUadfvCc0+Zq1pyGUMvauX49bwmw0HSpj6/b7xYzXI4se2fWkJTpml7D52i5mMx5dvhjuVE4jS5zqSdAe4p1v6RcKFPmje8JS5j0ze/v2APaJMnEH+5w4yIFB1APpC5A4jqksXFHevt7ekKzqkLFCD2cA/n1iu0TfIoWa/AitPWBYrUsa93HT9ojY4o0JSxYG2fO2kVkrvUUJTnZh60hZMxjbhF0G/EpPNn/aJyw6g06hHP7hvvARRIu2EWz+EGKzVOkj42bdokudQ6v6Fimud47l2VrBnZQ6SGsCM9Gf3gO0AEBrkafNDxrFtmUxZ3Jz1EQh29H1yr3iuWES0Y2c0LUuOgJHs0HlbbMKys4Tu4bNTo3CE0TGAu3z1r7wWSoAdH7/PaNF5WugOBzbyrCEO5JAazAVJ4BoUOzJIw6Cvo3G49IZUs4rPVrjmTyi5UGcipPyvM+0c52ycMM9WyAsKXBYhxSp+0FOyhTU8r9y4LdzWGXGTZsfmRpFQWcevziIj8lCURFezV0fgYInZ0sxFb/NTDSriOKoH+HSEvKiYUCm9hFxPT3J9Ne0BWHyPy8Cm+Z+tPnKF/IvR3GxyZt6QHeMfbPqD2Jv6s/TlFlSFEjJy+veBHZMLFQL5tVuA+P6OnTM5eOxQ7a1HHrEih2xQoEzGyYhI7ZRInAx/jGJaqg/GN4P7D4PWEJcx/t94bB45X948Ten1KwKpbDqxfSx/MVZxW4cHt+IGC4PqPnGLy1By/ynzvEl8kRJOXy8Wlrrwppf4IFIOXFukXKQ5Zw1u5HzlFTOaOpVoPx8rBxMoSafAH9YUNxzP7QZRqRSp+e0RvTqwiRUHnw6P1htKqcvjwkm4zr7/BBJkxm7fO57Ql2F9FpgqK/BX8Rdc4YXNc4oF16e37feALI3knUds/vHMqQ1h3cIoaEHiC7HgfvHFLxJJT/SU87gH5nF5aqh+vzvFFkAFmYUf3J9Yt4CtCqINMqf44UgWO4N370N/mcVK66BgQzULfgCKKLjjfl8pEsaQZLsciHPPjB5awQOXyvSF0GoYXeOS109vnWJeHUM4t16nNvt7xRJqcxQ9XpXtHEKyuAP8APrFZCnfh7fagiXVnNDKVsxzz/wAfLGOqoXyGXzp2hecpyG/mHYP+/eLKm2bWvzr8eLekoYnF1NYOA3UP3eLTl15e1PnaAT51QOlDxf8A8QYCVPQG7e945PLDJDKu2vrQRZc6gN6fG9YDn6VatPyYqKkDMMfnD8R3IiQ3s6aAZtXn+HdoilgvhOTOOBr6v1ikuY4MCmrwhKRUuzfcmDZH0EQrM5+32i0xfle/awvFaNToNeMdJDs/M/LxUGqwEtV8g1T7AR1FUinzifWOTCFKAAoLk8suNeQeOT3GVOGfew/AhoqQZOup+fP2gJJIez+92aIJl3yryocoEJgP2e/H0jSMvbM5dkp8eJBQeBMci8wcTAxsaQxKWHBejjsR9qwHLj8+0E2dO63xsuseRs96DISxPF/X927xEigPED1f2JjktRc9CMnr/iCqF+hHOx+corZF2RSWtlX50IgKlE4q3pygxOWn405D3im0jeLNcnkGNurQYSKzmK7ZE99O4gijUcj10gCFVOmKv/X8waUkE5URl2+c4rekR1D882+Wis5ZF21+0SSb8275esKpWXGIUCX4j4SIaIPSlVHX57wNBc1/xHEmjjT0zaJLsCDxHHTmGYxGyoOlbF3z9fnsYrOm1GTm3EcvlRFGBDVyPHj7+kVDlKjZy3zSojuVIlaGTQtemnWnpC4U5Ae9CO33aComWvViKWo/IUyo8Umh1FqPUHm33eJYkMIQyrZ8smLx08KH5SLpIxZEKf1L/f0gUxw4uzftE5EJiu2fzPlEC6nQ0GebfOccm0Se54BvvFZNSCxBFWOr593ivqzl2MTHZxme147tRY0pRvnzKASZztoD7XfVnMFmEqYNp/8Ab79oq7Iy+ElgCc3PO3LNo4FB20f8946HAJr+1hfqe0VSwHOldHr84QbyiNacQtw4Nzyo/wArBZCTVR1p6PAgkmxzblXODeJV7AXL5DSmsKTs5Kgktkh3qW6X93gAU62At216PHEjEStQd2w0smjDmWBPIReWLnNrer9455gfYTGB0B6Hh79Y4n0bvXXN3gCUuWNaObMBp6t+YbQAxbK56fO0VEoqVMl2PGo7aA2ftzotd3Z7ZsGyAuY5ML8G9osk4mzDXML6RyFpijZtcwB37xyTs5uc2fp1tzaGUynJqw1bs3aOqaWCAO7OeeQEOC+QSVuytqF34ERI7LmYg9a8Ykc5/ReCMVKmuxBb9+evKJhYnQfnPhAZaipJA8wNLO4t3FK6wXxXTioaseWX3EeNs1uhmbZ6huGRf8+ggkkPTmO4y6j48LKmEJBAewOvAjV0k/BB9md+Xqde6fWJeHO7OIlgHpXgz/Oogqh6j9vzFZlCTerH1+8VnhmHFuxf7xOWi9HAL/8AHvR+lYtLPmyoW+ZRSXMGA8CK8A34jqjRWrH2f7GFZEyqiyXa5fRxw42gTggCoc4QdXZhXp3GsFnJcYRr6PWFjUgNRJdPQG/UZ8OEaxYLGRejMRnRj/kQVOTWq/D/AC8AkClSC7daVPtBCk2fk/yzP6xGJPCDTteLYur/AJqOGfaOSla3qevXp3gU6Y9Pmfo7QW9KmGIuMm0Azr+Y5MVQVtFZSycINbjuI7jDtYKbT9VojkcmXQtyDppoxDX4eggpSxU9av8AB1gEk0agAIJ4P+8RS8Ro4cc8iQ/p2g2cwhw4d4sGc8QBbl+eMVmLZQ6O4bI0AyqBSsdKQpyzXABY060ygLYgC5s7jqKn+W1Y09ICYbZZuKuenQD7H1iwXv0FWckdB85RSVgBtq1eZ/8AaBSEnHirQM1XcxV7G/gfkijda8Gb1aLTJZyGZ1LWIqeEAklm4mvr+D3EFmTrAGp+D09WjFXyJdnRSuZP3b8x1SConJL/AL+5HURRagEiljnztFlLFSbF+o1+8NNlsKuU7MaCw5i+nWJjZuLf45O8UkzCoYqVcD0rF5TXB66Zn0ryiq+yFpaGByF+I/f8wMzCptBYfeIqc4dNjYn7fM4jgsM9XsPnvGqYWSYkkBg73OXz5rF5cvKw9/xX2jiFUZwTetuHakV8S7HufTiY1yrJReZtDVdm78WfleMdG2JmEVehNSFZtVjSxzhifJKnYtRQPNiHNDYwvs0lpgDJYPQcSS5c/KtSOjK02CSdo2JMoYRQ94kFlqSQ73rTTLLSJB5mlHm5aq1I0PNv8HrFEpKVqQ26uvW5A4/qHOF9kQDUvRnrlZJOmYg20TCpIdLLBoHsoPhc5OAR2jDjopMLsk3eKFWZ+1x1BMGKilYFwALNXU96QGYgqVLmgM/mFqNX8doana0dIqeNQ9aCrH/MZ1TCgqkO7MQciWsf8xzafI72qTw17gd44KFzYtTMC3doKiUMBDYgQza3YRm2OxVH54tW1PlIZmyQZfHym38xU/ZfpAtqUt2fDkzsKAOW5wxLW4KSXIalyDm7ZNGvoIqoNUPUse9QYktACCCA7ZXZ8+pPeKpVhLCrF9Xz+8CkhQJDOWzoKEVcWqDCg2ZSyQcBiASH/ANc44svQOcx6kdbekWnI3gM/KMtPs+WULqnYUFkkqqEhRd3NVEaV9co6ImyFbi7EZ6n2I/EcV1H6cshf0eOYDiSklypvMbBhnqweF1r8oGZJUS7lWRP9J7B4rQohkTMjRwDnwzhmbhIAdiQwPC465RmpVqaD2qFdK/AIamS1EM7NZr0e45kUgyid6DyVviq7pNXd8x/mLo8qaWU3Yv94HISQoFmBxPoDcdyeloPJJShWqSpmo2aegdu8D2JM4UDAwYYSA5xXFHpeogoRYNiBF79ff1iiVvLKshX2OWd6QT6dOxBLApBFQXBA5fmFeX9nZZUIZTAVYswDh6Nn/K3QRdDsQnKlbVp73g2HClQJzt1c/NDAkLCQVHgbsw9OFOUXl+J2WSZhxMDRCWLPemfT0jknEA5vYClz8MDlbTjS6bE26Oa8bcjF/EI3AlyE4ipRNFEsPuTzEDpnFiaXtb8wKeujAVIDAlqXNdK+nGvUrpdhqdbDlfpFdnA87OGAfLCB7/nQRoo+yNhZa7AJIApnZ/c3blBVz2IH6jTkNPvGEvaVoJUob1kJ0GZHT4Lw9sa3DmiqetCeFR7xxV2OTJtmD1pmS/4tWLJFuWuX2HvFJaxWjkigGQyxNTSKTJpc1cgVtdrE5fBq7RzDzV5J1qWFeHC0LImnMNQFhVmH5iLm0AAYkj9zWOFLA50Irxa/wAyhN5Ra0M99CPfL0MSRKBUCRwyv05QBCjcq1D/AI6v2g8vaRYZMe/O2veM1iZntjzjT1NsvSJGXN2kgs8SJQ6ZmoOJLnUvRnFnroPcxF+befeISVB6KcYFilQ7O1Awe5ii5gKsSJmK6aDEXrup5FJDC7cBEnM7sClTYr7rXodCxGfYRp9B7NJMvcL5GhsyTfKrAHreJKZiFVCgx6gAhm1CexMdkHdZ3I+Zl2r6wvLQEASkgFrA5B2DNkKCnCMHcrI5DHigsySHo7l8nrkAD6QcK3XTTUeptk4hLa5hDFjQkH0b0aLJWcKmFQ5A60btGbTZyfaZFOcJqQSrsS3sB3hpO0EKoGBAoAzuzubkCghBSbYnDEHCKkZMpjQWi4WkqC7EgUq5tTgIdUirUFPiKKCFMHAU2dwww0NTeLTEErALiWzsEm73JJuaZHi2YVT3UhJUUpJYJTQE1xUzEVCwVOiuKtS7BqBI0cw4v8aI6Ly7jE4L1spg9nozjIP6QMzgHNQkAVtQnUMcRGuas8rIOENUAObFn4E3MKTpOIWUoOCqgAoOL51pwirszl9FNndXiKCkkkskgAbz1fiyR0JyAiqwFTMOIhuYA58OnAQSSAGFmc3DYrBxdwSrLKFlzpaFBKFgkOWeoUbneozEBqt6RtFWdGWUMTJqUkbw/uNdBR6YfLXUkuIPs0xRxB6pBIIzNQRa4UlQIyLRXZClbioucChYku4UC+F37CuppLBJ3QhSCxGIqp+lTkk7wGf7nOWI0vS2zoKiMSjuVGQf9R5FyCMmEHIZ1AOCoMDZqU9+8V2ViTvELB3SQM7AgXH4i6zioSwAD8DX7gRjPsTxFkYigpALEhiGrSpcUv8AaC7HKwjOlLu1XuOtYDKUVbpoggOKsGAIbUu44gR2RNAASH9joQw0aDJ0jk9CbckmxF3yrQPzNX+COLl0CDVgetg5PAfeOplOsE1tS1gxJ0pirEn7amgSk4WDkZ6AksSC9uJpFXSJ7CCUEIwtcvkHOhOp+7QAyi+EJUHoSQa2d6aBKa6Q0Joz8xA3QB1BYO/4iid1yQBwDkv/ACkijuwzq8Vac6AplbxJqkPuirqztx9Q2sZO07eoqUpSSUppu1fQJCRRPCsb6pguysgo7oc6AZtxhWYkTE0WzE3xZM9BYcCk8Lxuvgir5MSWFKWlRxDdSWIAwgCpoNRbj0jS2d5ZTQvhNMkpp5j/ADkF+Ag+zSUJoFFSy5xKo50A0BVmNI7KJIVUm7nCEuXvYOOleMc96GD8ooz0e7mlXzsB7wOWLi4IAc3px5RdKs+Is5drm2p+NFNpWANSBRILORkfeL1hexlct0hjWj8r9IT8RKQpVS1SWejuQBQk1p+0E2jaCzClyGpelfSsDnpSoFIAO6oEUqogAX0xJMH3RWck7QVKGJkuKgZDJy1YNKW5P9W8cqNT0hWQl93LSzioFR37cY0FSt5tEuaU75FiR1i6w+wEyUSfMk83+4iR1YS9vaOwq/dOpGDsMh2w4VeIStTFnICcMyWK1LB77xGjRroSFIxOlTuHApi0N2FC4yoOMYEv6p5UmdjXhfAQEkkqUGKyCgK3Walv01jVG0tLxMQFkvraqqZ35xfNBo8zmHQSRR3FgXdqMeJ+ZQFc0AggspQqdLbudCwP/XQwGTtpxAVJHYj8Vb1i02QkrW6mxEFIZ2UT6PlzMYJPsqnbOSytQCUq3n/UWGCmIHQAVB4cRGlLnpQUsXCkDeIIpZ/6RR6jR2jHnTkp3cTZk13S7MWLAD+XlHPq0zFLliuEpIvxIfnTpipFcWsYlheYkBRSSkEtQBRzFza8GUQgygDiSEyyCc3b/HSMrb1nxQf5hiHPhwt2g8+c6aHeSSgdTQHgC46wnC0iJ9jezzt5Fa+IX5M7OeQfiItss8pSA5O6A9bBN68RCv0ycCrub6u3/n6CBbIkkpLEpIUzPdmrkA2t3bWJx7RL0ZlJU7qmFLOwc1oKmtAKnryi036izqDA6sMre7wnt22YdxIAJI8Qs7nd3QTkHB4kHQQglbpDsVEsWpZ8usaKFqzGXkaR6GVtKlhikKNKgGzF8TcSe2eWdN+nqUSZapZUTVIU7HmkFKj/AHIJvziuzTcRwkbobFkkPlqtWL9I1EE2rZlKwmX4SUtZUtLm1QSKA8hGsItGsXg7scsBglaFEUWkLScJbS5IoKtTKDjaQVAK3XxAk2w6W4u9ekZyJ8tSwdowFYDCYPECgRkopSx8xFQ4BMaUzZQRmpJuHBKQcw2Vfl4x8q0vZWVMwzEhiojdLEMBckhi+uUO7QQtKsKt5iK03g+H5xfKEUyApQBUErBACsiBZJ0Nhir94NMLBQVSmJ2tgJKj1H2jBvULllAvGUCzWSL0ZTs/DrF9k2rfFqBXpiMK7XOJQWHmYAjJ3e/6f3heUcS1gZY3OVf8xONqyJ3RqqmEbiTUglRsxsC+gaLStqBUoISyUkB7kmwbQAAlhxc5QotbkklktU3f5l1MDlbWWJQKtQDNSiw5s3qYtEs1UqL5C98RvSw3g+93NYqZ6TR+m8wyD41FtfLpGfPUZSU4kqWXoC7Oc1dBlzziBylyGfXdD2YAVLClAS8JRzCy9I1zLQuqiBRmSdbgPqwf3DRZIlpYAVFa8KVAYHMc+VEpM0JF0gAO96PcN6WenERQbWhTeZhQUCfc1tnx4x13hqn8mmZpVUJppb0A46xScSfMQLG3s/u8LJ2iWAPanuCPUQMgElr3rWmtWEPkVb0TaFKBqWTch3fhyvABNYuGZiX9n6Vgm05uRSl8Ra9ctfSAIWGdJG8MNLVv6UiZQq0YLGmRDjlfWJNLBi29vO9lUI56dIVlKdLCr05MbHq1Y7NnuoOM/vT09jEXZ1j2ygJBIqbA8c4cmncFWtoelbn8ikZ2ypJ9gM3tTTV8nHI3mzXUEch1o47U5xYsv2My9mS1WBq449okLmSsknjEhpCz5PB7LKRKlomKDqZglacRS6lM8sEY7lIJITU50jcRthKSmZurJLJJSpSmZirCBgoQN4aVzhf/AHqEHxEhgBhE5h4kwgqZKSpJ8OWAHUoBwCkVcQWT9SSVFCn8R94KLkO1EKDlIqBa+bVPtnFyWnzn0Gk7MvECA2FiFKGEYTUuTpU9GhvGkDdUSSSxIalajO7l9HMM/V9nShCEM+FGIpJ/Wzb5zsOrl4xZKnT4ilgBRoAA5UKFsglnD9Mo8nE6K4nJ4Q2NYKgfOEsCSGD1BA17QefNSZcsJIWkoUygcJcKxClgqrEMc4ztqWUnDn5gDm3mTlcOOvCF9iWEOk+QqxIVdif8Mf3EJQ5RE5NsbmKfw1gYiCkMWDOAG7h7584vOkkEoBosllnUlz1DV75wptDoOA2UlYa9XJB54B7QeSoqcXKkh2c7+HDiHMOD/aTC44c/Zdc3DOWRZ6ciUM/QRfYtoHirV/Ik4RlRJV9n68YWOxzHdeBDpS+NaE1CQDQqe7w1smzSwFArkKJfyrmkklklylJCQxyBuIjiqBFtyZNi+qTCZgBIANAkBNUuG3fNx6QORtc0kJmLq5JCmUw/qcEChtflDU9csI/gKAWSoGmJRL7wlvhB3nGT2fKF5swol4DLwqThO8/lUTbDhBA6+YwqsnkSWDA2oFKlbqMJyAc50SG3zVhbW1c8TCQQmWEi5VMmLc1utSQCOigHyhZG1OBjVhNkMkEhRqVAas9TS3GA7TJE2qSpCbpdLlWqkoQ6utOcbQhRV5KWG3K+oFLJKpKilq5l7EKnFiP+R4RoydrUAteHeSGAyIxCvHdxdzHikfS1YgMSlBqDBMB5Fxn34R6T6XsBlpaasShYSsQmLJy3UsAeBL1tGXm8aq0zRStDW0LdJs2Y6G4HSHFzscrf8xSRdmf+ZrOWJu1OMKrwytxIxKJD4ymgzdLHCz8DSByPqCVKL4mc1JJcFndzmctHjzOGATwpPOJKkuEhJck5AA3zNWpmTA5u1A4UpdIGIgZlwA6v6nUOTluJto2YYSBNlqd1Njw4mqHKgA4YB31hNGxzAUqKCzE4gyw5AB3kuP0iGoqhK6GySQkOzKJOQASGc8GMHkTwkAAlKA5fNWTltS5Y0HGFNqDMk3J0uHcDu3aEp89zhKr1LaD3FCeogqHJHXTNUzcIK5csKIAZZOMlRyw2H6DZ6wzMlTZg8VTgjzIqRwUAztqDbi9POjasKyATugqW9q1U9eJbTpD/ANP2oIUJlb4QBQqNlAaMCRz5CNHCkJO9sZ2mYVugFmYzCCP+KeBa/TQxVC8T7wprYfcn5WKzZ6VFpocgkhQdOJVsSmunjVVH3oX2jba4fBdSQSEpmPVj5UscRyds4KhfQ79s0JZGRQpRsCVJHShaDTphzUG/lD30Zq1rrHmpO1zVBQQjAcnSRXMZV6fszJ2wqWQSKpswLF2N3erxZeKhJ0OrJxKU+7he7WoX4YSo/wDGCSp1SB/SewH3+0LSdscsuWDVibUNDnoSbe8SQoeKG8pIBe4PH8wXF9HKfoclZkceA5cf8R3xd6lSSWHZutW6wBSHZOZLepjkiYDPQHomv/V8v7on2VulZp+MBNEtP/6gCris1FRmLNFZCnOIucx/69M+bxi/StpM0zFG61FQ5Ahq9+8bExSsILsCT1OdM6dmgyVPiyxnfQ1jUajF0AaJAxNw0BtoH5xInJmlsS+l/TkJTJQrwsAlqWFKCipTqJmKSHolgipAq1VWg2yfU5SVL8EDCmoURR6sz5lieTHN4BMlzCBibFNXLxKUWJlpdRAzIxBL5MTCm0bMiUygcSkBQQA4CCQylBgSpVGfCW3QPK8e6X5I8KpMemypkwIKyKoSlQLOGLkh6GgyesJ/UNlAJUtypW6EIIISE0YYiBSjtVyeMSRtAStEkKImLcKUVElgMSgktpRzdy3EH1JOMgJACEpFLsCSSa0JqOLnk+fFkavEAmALSw/QwUSqxycgVVkwc94XlbMopLJW1wShQD6dS0Po2gnZVqDJ8OYlylgShSWBLZv7DlGDtcwpq53qu5ysRwLk9Y0hHaBdO0NbVMxBCjQgB3u4YF+mMdBFp+0HwRhUUscJ1OFWbXcKHCC/UCoSJK5m94gVU3FcjoxsYz9qUfDbRik1aqS5t/MgUyhRj/6W+Sv+iqDUEimAH88y9Y0PpUwBzbJ+d26CMqfMYPokivAj8xpzZjICwAEl7AUXmksBke0XyRtBjabYBRK04wRiJsbJB8h5Bj1bWNLZ/qIKChSjMQXcGhUAAypZcssFndsQuKPGZLS6LMpdB7VHAl24CCfTZeAhOKXQMUkqU1/5UkWo76xGlQ+NOvkptWGUp1DG3kagUDa9n6l3DXa+yytpnPiSJMk1JDopxrv5+enKNnaPpqVSkKCsKEEuQQd0/wBT0S/I1OUed+rbcpX8MbssOBLSU3GreY8IUJcsReFay0tUmU/hTDpjD98mtenCPSbBOVIlKdRmzmTu2KSsPLQHIZWEFas2AGZfzH+ndlTMmklKcMsYlhWLCG8qSzBipqHIK0j1/wBPmSggzErVhUpa1TQxVMmGi8BU+EUL4WYHza95UlnZydin+1WEp3VLUaFSRRI0dmLnS2VDGemStJJUln4jLlDs+edpViwBKASEnESVcyWc6xTb5SJUiV/MtRUNbFidQzBrdowS9BlHMYhsoWlYFSCWepBH6cQtmImzTFvLUUhILBwgJq1QC3pGn9KkpmSlJUbLllCrkLNv+JKWPN4v9V2cy0bNJxOUlajqanvQK7R3JPtCTfSOTgpafEfdQcJN8jRsruDnXSMZS2K1rBDPQ0pSn/8AIjV+jutM2UB/8stSRxWA6Ceu71hTZVBYQiZvkgYRmkAPiUX8nDM6ViRXFEacnTO/TFS8GKZLGFanJxEKoXd3IVVyxAFIenBKFJomYhgZbMkkZtRidR2yem1zUJlpBAUlSmApVIuQ2bkU6RX/AHOCSsLAmBBxMEoU6FXACgaMyujPSO/yd0aOPEzPqqU4gRNUSbqUlj0wk7yaUYBiISnbSoI3zvopiYKBSXKSDZ/N0KY0tq+oSVpB8FExBqFIWtBezKFQkhxSoqMmMCCdlWB4fiJJSBhJD3YMT5mIs7lqAx6I4tRHL4RbZPqwwgzWmCm8kYCkaqYhxTiHytGoZiF2qbpU2Wb6gOK3DuQ1Yx9k2WWrcStKrjCoYDoaGhreGNjxoCkqwoAIDPY/pcWrQEHI8oz8kYvoUJUN7bNWmX4iUhYO6pJAxJLG/UUIiuxzpfinEFOQFuFMMLu+HCbGmtRApM1JQp6oIKVpd8LVIOoDUN4RmoWpIArhdyKVHlL6VPeCoJqmdKVSR6NK04zQsN7LIOermnIxlzZmDxlV3UhIfVWP1xNDEid/EV/cQeN6eojI+qTDhWSCMcxRYhqUKexBgeLx26M3PB7/AE+gkqD0ASkG9S+LrQXjZTtNy7kKIFiE0AABtQByeHU4EnafDkBLb6/uGfgWEPfT5ZLIAoLk1a1GzVw1g+WNtsXjlSw0kLxBwlTGzA94kRW3ITulQcan945GHGXwej+hX/cTFgS5a3IUTOmF7MCQgioU1Q12FgYqtACQonCKssgFSi1AkJFQBR+FTGjs/hSwBMwpJ3UBIKywu48qQCwLs8Kr2kDxN0qSE2Ud1VgAEiqakO5NjH0uOUeVNWJ7JtaZa3xPhLBwHckBQfMM4J+8X+py/Elfw7JwnDchgQWDMpIpvXG87QL/AGjrxmWCVUeoHJktmez6wWXsxZ1qAsS2SUgmpYsASezUMDjTHHBjZ5DyloLDxZKCn+paWVUjh948xtUpU1JUkboJY0GEVJvRhWp1Eei2za1KmychQM1nqxpmH0NDGX9QVLTLKAoJSFMaEOtnxEANTSzDtYdgmss01SiNjloUQSghIJFkrfASP7gByjDKErSE+VbeQ2dziYnO1DqNY19rmNtcyQojw1S5ctVPKopSUKs3mOsD2bYkGYJs1iJYPiBqEpG+9KuWPWOi67/7Mln9mEvZzhmpIIAVY0IBZz7GH/pU5Phzguyh4ic2WKg/Y84Ns21la1eKEkLuQauXdnNU0FHypWKbf9MVLRuHEkskHNncvxYANwhSf/FjvOQoqQVhCQpOIJs6nxKqaAE5wWXtQBZS0qF2wqPYtehhDwSXVvEOzpDkFqHiIPMlpmgpVNAmB33Vkkf1MKniLi+ZK4/Ie2OrUrEmdKW4sxCiFJN0TAx3SKPyzaFPqmwIC0zEJUtC2AS/lIoUqObbrVDhi4rFU7MtC92dJXRihSyMaLAEKDWN+USfKMn+GEr8FdyK4Xeriykk9Q4sYUVTxi32aCZyFpaidnScUzDQKCaAAUC8Siwe5SVGgwg+yzF7QtHiBEiUUtLlgV8MBzhFCEU85YcC8Ze07YmRLQhQExY3sBqASd1S/wCZksEp/qUTQgFvY5xShSzvzptFFW8w/UOLFksKBlaULjmCvT0P0lPi48A8OUEYU5MCaqBA8zAmnCM/bZ6Zs0FEsEk4UqmMoJQkMSlAoHUoM7uSbRYbSpGxTVVmLnTPDGEGwS6iCL0J7tA9lR4CTNWUnAkJSnVZcgKOjueFIwUdsrS03Pp4ElSUGYVzFKQtb/pljEWAFEuxtkwjM/1BvqRNSsBSEJSsKyxAqQeRxKB5DWMr6btCiJ01SnmTETCOQFTyqOgjQ+roT4kzWZLwnoyE8mUlBppBqpHUkkISpipJSsEKCcJBSXDgv85wDb0FE+a1lKKns6TvSw/9pHYQqJ5JJTRh3ApXgwB6wydu/wDjWEpUfDAKSGxYdxzoSlKWzDC+eqg0FpM5tO0EBMo1GHeINiXqOWfAxPpa/wCIhRVhUmhNwUqLYSWuFFxzOUTbvpqVo8WWSpFKgv4ahTDMAq1Aygelox/H1DLei0mlQQQetegjSEE44Jt3pqStoCysGX4U2gmpAoVA7sxI1BLEZpUbvCGFKq4BooFSgEm+VwXcXN2do09rnFeOYGM6WVkU88oE0Oqk1/44tIzNqWtyUY3VhUliRQuGLfqdweIhR0zi80dlzpTlQlmYsD+Y3y3XxKyqoj0h76hNLIQcIUKr3MRxHygJFHAIBJ7iM3YZqgoGbMWWI3AogXupRszksBlcF4un65tE0nCEyk3JSAlq0xKLlXJ3OUSUG2PlhsbJNcFX8RTnflzbBLMSEl3GZrSEEJRtBMtIMtSSSxLpZJYlzVNwavSxibD9OUVutc4NvYyycIu5K3Lf3BPAQ1tyZEsTWCipeE4XId6h80pJD4RWmUY1TzSybpWDBSJi95TYlEMnJrkqIua+kAO3FIloUEzkYX/iJzJJABcsWWLE2MA2JlTwKmij1ZocmTwuROmLNfFCJbsTUkqDs5ATxpTWEo1/oEW+LaDPJmqK0YkTBQJWcSeaVCoPOCp2jADLBwhJZRLjEf1E8L+kYEtZCXHmWcIGj/BGhtS2YefAkJFHxKN1HXIB9IEvHoeVF1zkkklSXJ0VEh+XP2Rh4slfiMyvCxBD54Rl+XiQc+GP+KXyjUTLK0sCyQneoGDVVz4UOfCOqBpvEowhQN6F2CQfLpWOxI9PFUCLZj/UtqUEqK1BKAwCQCbuWcZli54WtBhsxMspCUu6cZtiSK4eDApHJ9BEiRGsNE3QCespUg03qPmVBR0sAD69sv6nJCZQx0OOoABqxsHwswN3iRIkFpJ9f2Of6i21lIUE70yqr0ASE5EV9mOsFXMK9nmr/VhTjH8wTUl71SPSJEgPIxf72Wr5GfsEhJSkgl0MTxBb2eGJv1sIMtisBSHLMQXKvMgtiAINlJNYkSNIxUpOySdRz4GJuAgnCMKk43r5Wu1HBwq0ItWhOdNQULQEKC0TA6ErxElNHFQwo4yvEiRyWtfvRJZqMn6kmW7JdDOCiqgP7TcB6tkXhn6aV4FA1ZlILlkqtzZjbUCJEjaWQJD/ACByprkqUnEs0R/eXZzy1zEF2mfgJSjeKGlh7YkuVUNwCXrcq0ESJFrTrw2Ze1L8PZZTvNXjWpX8qFKq3EpQkUtwgv1bZVrSQhgh8Snqd44UpSP7UXyc6mOxI8k3x1fum8Fyx/uFZMhUmVMmBScWJEtAYlgneUkk6i+rxb6stpkofzS5i/8AtMWU9sIiRIK3snkWf2ZOx7MpKwaN/EB5EEJHqDA1LSnACoJBAIdJU7AMKDdrXnEiR6fH+T0E/wAVgbZp3gzCqSopViwqlqcpXmxbIguNOEL/AF76cEj/AHEsFKFFigmqF3KQRdNyCLegkSOf4zVezkri/oXmbSsHxAzulaTwq4UOpB1EEmzApJQnzedBFGSoJdI0JSxe1GzL9iRo0gR7o59NlIIIL0DYgWzKQAOamf2j03076dKlBC3JKnCMVXIvhQlgDk6lZUiRIx8t3X70aQWA/qm2lWKVKUoKSXdQDFdCGAJZmcUYGtTUZ6tkfCgrAxKTUhRUpbl6szOqjmJEgRxZ8EkdnyZQnq8IkMlTgiiSQwUCSSWqYDN+qS1YcUv+GknCQwUlR8xI8qnoSGzbKJEhQXLv6K3xWff+ju3Ily8E5BKkkOA1sTVD5NkbQP6cpapyXU5duDDzFvRokSI/8WWkpqvpjifqCCN2cqUnJAQC2tc3NesSJEi/xRDz+j//2Q=="
62,CHASMANTHIUM LATIFOLIUM,NORTHERN SEA OATS,DECIDUOUS GRASS,GREEN,RED,GOLD,BLADES,4A,7,PART SHADE,http://www.finegardening.com/sites/finegardening.com/files/styles/large/public/images/image-collection/calamagrostisacutiflorakarlfoerster_mg_1_lg.jpg?itok=0klpKzxr
63,HAKONECHLOA MACRA,JAPANESE FORESTGRASS,DECIDUOUS GRASS,YELLOW,BROWN,GOLD,BLADES,3B,13,PART SHADE,http://www.vitrowestland.nl/product/hakonechloa-macra-all-gold/
64,SPARTINA,CORDGRASS,DECIDUOUS GRASS,LIGHT GREEN,YELLOW,YELLOW,BLADES,4B,6,FULL SUN,"https://www.google.com/search?q=CORDGRASS&tbm=isch&source=lnt&tbs=isz:lt,islt:4mp&sa=X&ved=0ahUKEwiolZLKsKjVAhWnh1QKHbFwD38QpwUIHw&biw=614&bih=603&dpr=1.5#imgrc=hJ9-2EjpLK-fAM:"
65,ISOLEPSIS,FIBER OPTICGRASS,DECIDUOUS GRASS,GREEN,YELLOW,WHITE,BLADES,3B,13,PART SHADE,"https://www.google.com/search?q=FIBER+OPTIC+GRASS&tbm=isch&source=lnt&tbs=isz:lt,islt:4mp&sa=X&ved=0ahUKEwiFto3ysKjVAhUrsVQKHX6FAUgQpwUIHw&biw=614&bih=603&dpr=1.5#imgrc=RsnZzseREG9J-M:"
